batchid,sample_id,age,gender,BMI,phenotype
0,SID31159,73,1,17.99,1
0,SID31223,65,0,23.31,0
0,SID31865,55,0,23.34,1
0,SID31868,64,0,24.09,0
0,SID31875,58,1,27.76,1
0,SID31878,52,0,27.14,1
0,SID31881,60,0,30.08,0
0,SID31883,43,1,22.68,1
0,SID530373,47,0,25.78,1
0,SID530890,77,1,29.41,0
0,SID531128,52,1,25.73,1
0,SID531274,77,1,19.16,0
0,SID531469,45,0,22.15,1
1,GupDM_JP,67,1,17.69,1
1,GupDM_JG,71,1,18.07,1
1,GupDM_A4,72,1,18.22,0
1,GupDM_JM,60,1,18.33,0
1,GupDM_A13,48,1,18.69,0
1,GupDM_JK,66,0,18.73,0
1,GupDM_JI,54,1,18.96,0
1,GupDM_A7,59,1,19.1,1
1,GupDM_A2,55,1,19.14,0
1,GupDM_A11,41,0,19.22,0
1,GupDM_JC,61,1,19.47,1
1,GupDM_JN,58,1,19.92,0
1,GupDM_JJ,62,0,20.03,1
1,GupDM_JO,71,1,20.03,0
1,GupDM_A1,62,1,20.08,0
1,GupDM_JE,64,1,20.08,1
1,GupDM_A12,65,1,20.32,0
1,GupDM_JL,59,0,20.34,1
1,GupDM_A14,56,1,20.45,0
1,GupDM_A8,66,0,20.5,0
1,GupDM_A3,49,1,20.83,1
1,GupDM_A10,65,0,21.01,0
1,GupDM_A5,75,0,21.21,0
1,GupDM_A15,59,1,21.4,1
1,GupDM_JH,58,0,21.49,1
1,GupDM_JD,57,1,21.7,0
1,GupDM_A9,56,0,22.22,0
1,GupDM_A6,58,0,22.67,0
1,GupDM_JB,53,0,22.97,1
1,GupDM_JA,47,0,23.81,1
2,HanniganGD_2017_C30,57,1,34.47772096,0
2,HanniganGD_2017_C29,59,1,23.082542,0
2,HanniganGD_2017_C28,73,0,21.62064772,0
2,HanniganGD_2017_C27,59,0,29.75206612,1
2,HanniganGD_2017_C26,43,1,46.36734694,1
2,HanniganGD_2017_C25,60,0,27.82931354,0
2,HanniganGD_2017_C24,48,1,32.90665379,1
2,HanniganGD_2017_C23,64,0,24.38237298,0
2,HanniganGD_2017_C22,51,0,23.66143862,0
2,HanniganGD_2017_C20,58,1,29.68495643,1
2,HanniganGD_2017_C19,71,1,32.32323232,0
2,HanniganGD_2017_C18,52,1,28.7037037,0
2,HanniganGD_2017_C17,43,1,23.87543253,0
2,HanniganGD_2017_C16,63,1,30.83653053,0
2,HanniganGD_2017_C15,61,1,34.90026578,0
2,HanniganGD_2017_C14,49,1,32.32323232,1
2,HanniganGD_2017_C13,55,1,57.46349378,1
2,HanniganGD_2017_C11,47,0,26.37023814,1
2,HanniganGD_2017_C10,69,1,26.70362358,0
2,HanniganGD_2017_C09,51,0,35.49786654,1
2,HanniganGD_2017_C08,56,1,32.65306122,0
2,HanniganGD_2017_C06,69,1,26.2345679,1
2,HanniganGD_2017_C05,37,1,35.11123879,0
2,HanniganGD_2017_C04,88,1,26.29656684,0
2,HanniganGD_2017_C03,69,1,27.75748722,0
2,HanniganGD_2017_C02,59,1,28.73469388,1
2,HanniganGD_2017_C01,70,1,23.30668005,0
3,VF100,64,1,30,1
3,VF107,78,1,30,1
3,VF154,77,1,22,1
3,VF166,83,0,19,1
3,VF174,66,1,24,1
3,VF77,70,1,24,0
3,VF95,71,0,30,1
3,VF270,60,1,22,0
3,VF207,63,1,25,0
3,VF234,61,1,23,1
3,VF208,74,1,23,1
3,VF281,76,1,26,0
3,VF216,84,1,22,0
3,VF264,78,1,24,1
3,VF251,84,0,23,1
4,SBJ01C,51,1,20.86111966,1
4,SBJ02C,51,1,31.56167151,1
4,SBJ04C,69,1,28.982007,0
4,SBJ05C,46,1,22.46003435,0
4,SBJ06C,57,1,27.77692989,0
4,SBJ07C,38,1,27.04164413,1
4,SBJ10C,68,1,24.30248706,0
4,SBJ11C,68,0,22.46003435,0
4,SBJ12C,65,1,29.56194571,0
4,SBJ20C,59,0,28.99930748,1
4,SBJ22C,62,1,31.09789075,1
4,SBJ25C,70,1,28.37370242,0
4,SBJ26C,56,0,27.82931354,1
4,SBJ27C,61,1,27.44059917,1
4,SBJ29C,65,1,25.35154137,0
4,SBJ31C,62,1,26.64359862,1
4,SBJ32C,39,0,20.54988662,1
4,SBJ33C,63,1,29.96161169,0
4,SBJ35C,59,1,27.58020032,1
4,SBJ36C,51,0,19.43301326,1
4,SBJ39C,58,1,34.68609088,0
4,SBJ40C,59,1,38.53061224,0
4,SBJ42C,64,1,24.93372049,1
4,SBJ47C,50,0,19.81784449,0
4,SBJ49C,69,1,22.64219297,0
4,SBJ50C,56,1,25.18078512,0
4,SBJ51C,62,0,20.95717116,1
4,SBJ52C,66,0,28.08433211,1
4,SBJ53C,55,1,29.36576335,1
4,SBJ55C,67,1,29.06976744,0
4,SBJ61C,56,0,25.390625,1
4,SBJ64C,48,1,25.2675737,0
5,mix3_N705-N506_GGACTCCT-ACTGCATA,69,0,25.63691716,1
5,mix6_N707-N504_CTCTCTAC-AGAGTAGA,51,1,20.76124567,1
5,mix2_N711-N504_AAGAGGCA-AGAGTAGA,55,1,24.57786715,0
5,AHCT5GADXX.N703-S501_AGGCAGAA-TAGATCGC,62,0,21.08281329,0
5,BHCNG3ADXX.N708-S502_CAGAGAGG-CTCTCTAT,78,1,22.67995241,1
5,BHCNG3ADXX.N709-S502_GCTACGCT-CTCTCTAT,30,1,25.68956193,0
5,BHCNG3ADXX.N711-S502_AAGAGGCA-CTCTCTAT,69,0,23.55555556,1
5,BHCNG3ADXX.N701-S503_TAAGGCGA-TATCCTCT,59,1,25.4580659,1
5,BHCNJJADXX.N703-S503_AGGCAGAA-TATCCTCT,57,0,18.36900337,1
5,BHCNJJADXX.N705-S503_GGACTCCT-TATCCTCT,38,1,24.39105884,1
5,AHCNC2ADXX.N708_CAGAGAGG,64,1,22.46003435,0
5,AHCNC2ADXX.N710_CGAGGCTG,66,0,22.60026298,1
5,BHCNFHADXX.N710-S505_CGAGGCTG-GTAAGGAG,65,1,21.30394858,1
5,BHCNK3ADXX.N712-S506_GTAGAGGA-ACTGCATA,44,0,26.6727633,1
5,AHCNMFADXX.N709-S507_GCTACGCT-AAGGAGTA,70,0,21.90758246,1
5,AHCNMFADXX.N703-S508_AGGCAGAA-CTAAGCCT,61,1,28.29334541,0
5,mix35_mix36-N712-S507_GTAGAGGA-AAGGAGTA,28,1,26.29757785,0
5,HGK7MADXX_PG0662_19A0305_H3_L001,46,1,19.15119182,1
5,HGK7MADXX_PG0662_87A0503_H3_L002,70,0,17.34842951,1
5,HGKMWADXX_PG0662_92A0617_H3_L001,63,0,17.4817898,0
5,HGKMWADXX_PG0662_166A0807_H3_L002,70,1,20.57613169,0
5,HGK52ADXX_PG0662_172A0906_H3_L001,62,1,24.61810377,1
5,HGKY7ADXX_PG0662_182A0217_H1_L002,48,1,23.03004535,1
5,HGKY7ADXX_PG0662_239A0206_H1_L001,45,0,23.42236836,1
5,HGKYWADXX_PG0662_245A0305_H1_L002,59,0,22.65625,0
5,HGKYWADXX_PG0662_255A0407_H1_L001,65,1,21.383942,1
5,HGKYWADXX_PG0662_259A0504_H1_L001,70,1,18.96192742,0
5,HGKY5ADXX_PG0662_332A0817_H1_L001,69,1,21.51385851,1
5,HJK7MADXX_PG0783_04A0104_H1_L002,64,1,23.10843458,1
5,HJK7VADXX_PG0783_22A0417_H1_L001,49,0,19.38214469,0
5,HJK7VADXX_PG0783_23A0402_H1_L002,67,0,20.17455375,1
5,HJKJ2ADXX_PG0783_27A0405_H1_L001,70,1,24.24242424,1
5,HJKHTADXX_PG0783_65A0205_H1_L002,59,0,20.9566075,1
5,HJKHJADXX_PG0783_75A0417_H1_L001,78,1,25.90945695,1
5,HJKNLADXX_PG0783_89A0507_H1_L002,62,1,25.59373706,1
5,HJKJJADXX_PG0783_92A0603_H1_L002,46,0,17.44492677,1
5,HJKHJADXX_PG0783_98A0717_H1_L001,54,0,20.56880661,1
5,HJK7NADXX_PG0783_128A0406_H1_L002,32,0,22.34778209,1
5,HJKTNADXX_PG0783_132A0504_H1_L002,75,0,22.22222222,1
5,HJKTNADXX_PG0783_145A0703_H1_L001,73,0,20.54569362,0
6,MMRS12272136ST-27-0-0,51,1,25.82185491,1
6,MMRS14379078ST-27-0-0,53,1,25.01492195,1
6,MMRS14602194ST-27-0-0,84,0,20.54569362,0
6,MMRS15137911ST-27-0-0,64,0,35.69921875,0
6,MMRS16644320ST-27-0-0,53,1,27.89129141,1
6,MMRS18295921ST-27-0-0,42,1,22.03412021,0
6,MMRS24340226ST-27-0-0,70,1,25.05680552,1
6,MMRS25641480ST-27-0-0,54,0,23.49075518,1
6,MMRS31306426ST-27-0-0,73,1,25.82185491,1
6,MMRS34525504ST-27-0-0,71,1,24.74359546,1
6,MMRS41266697ST-27-0-0,54,0,24.02119377,1
6,MMRS41711735ST-27-0-0,58,1,21.10714956,0
6,MMRS42780924ST-27-0-0,65,1,31.37770284,1
6,MMRS43563715ST-27-0-0,71,1,22.59168242,0
6,MMRS43939546ST-27-0-0,63,0,25.68279164,0
6,MMRS44197125ST-27-0-0,40,1,17.43205713,0
6,MMRS44203591ST-27-0-0,59,0,20.36911061,0
6,MMRS44587603ST-27-0-0,66,0,31.47038567,0
6,MMRS47662059ST-27-0-0,74,1,23.59606481,0
6,MMRS47685461ST-27-0-0,67,1,33.19722222,0
6,MMRS51410669ST-27-0-0,65,1,21.14167966,0
6,MMRS51728985ST-27-0-0,61,1,24.40972222,1
6,MMRS54316675ST-27-0-0,55,1,29.64641003,1
6,MMRS55294627ST-27-0-0,43,1,32.02555556,0
6,MMRS59699117ST-27-0-0,85,1,22.8049308,0
6,MMRS62376181ST-27-0-0,69,0,20.79881657,1
6,MMRS64281211ST-27-0-0,71,1,27.83306122,0
6,MMRS65205033ST-27-0-0,89,0,22.67170572,0
6,MMRS65945127ST-27-0-0,65,1,32.07498512,0
6,MMRS67247116ST-27-0-0,53,1,25.39408163,0
6,MMRS68910755ST-27-0-0,83,0,16.8251821,1
6,MMRS71762412ST-27-0-0,44,1,23.36486486,1
6,MMRS72802364ST-27-0-0,74,1,22.67170572,0
6,MMRS72980899ST-27-0-0,63,1,21.25472411,1
6,MMRS77018926ST-27-0-0,40,1,23.73444192,1
6,MMRS77321055ST-27-0-0,31,1,19.64189189,1
6,MMRS77487595ST-27-0-0,78,1,22.55112497,1
6,MMRS78791111ST-27-0-0,65,1,24.32525952,0
6,MMRS80093644ST-27-0-0,31,1,19.57562932,0
6,MMRS81194191ST-27-0-0,54,1,18.55945822,1
6,MMRS81671217ST-27-0-0,57,1,26.38393695,1
6,MMRS84954772ST-27-0-0,56,1,25.82185491,1
6,MMRS85382779ST-27-0-0,66,1,21.56756757,0
6,MMRS86178473ST-27-0-0,65,1,25.10216227,1
6,MMRS86958796ST-27-0-0,55,0,31.61420118,1
6,MMRS90191266ST-27-0-0,37,1,22.50086505,1
6,MMRS92544445ST-27-0-0,72,0,27.79812695,0
6,MMRS93508324ST-27-0-0,71,0,25.82185491,0
6,MMRS96422329ST-27-0-0,66,1,22.31303313,1
6,MMRS97052561ST-27-0-0,69,0,27.75971435,0
6,MMRS97327636ST-27-0-0,84,1,23.47763075,0
6,MMRS99045180ST-27-0-0,67,0,30.03540039,0
7,CCMD11006829ST-21-0,42,0,35,1
7,CCMD12232071ST-21-0,75,1,28,1
7,CCMD13071240ST-21-0,66,0,23,0
7,CCMD13934959ST-21-0,56,1,27,1
7,CCMD14479708ST-21-0,74,1,26,1
7,CCMD18872694ST-21-0,63,1,25,0
7,CCMD19497912ST-21-0,53,0,32,0
7,CCMD23101338ST-21-0,69,1,28,1
7,CCMD25511638ST-21-0,72,0,24,1
7,CCMD25963797ST-21-0,62,1,22,0
7,CCMD26709089ST-21-0,66,1,26,1
7,CCMD26925580ST-21-0,42,1,27,1
7,CCMD34381688ST-21-0,41,1,22,1
7,CCMD35802077ST-21-0,71,1,30,1
7,CCMD40701343ST-21-0,65,1,28,0
7,CCMD42428553ST-21-0,87,1,22,1
7,CCMD45988061ST-21-0,62,0,27,0
7,CCMD46222674ST-21-0,59,1,24,1
7,CCMD46947453ST-21-0,69,1,24,0
7,CCMD48236717ST-21-0,58,0,32,1
7,CCMD50071957ST-21-0,35,0,22,0
7,CCMD51864103ST-21-0,58,1,25,0
7,CCMD60079086ST-21-0,73,0,22,1
7,CCMD63399960ST-21-0,51,1,28,0
7,CCMD64503764ST-21-0,66,1,31,0
7,CCMD64776337ST-21-0,79,0,26,1
7,CCMD72895164ST-21-0,34,1,27,0
7,CCMD74930188ST-21-0,67,1,30,1
7,CCMD79987997ST-21-0,70,1,25,0
7,CCMD82866709ST-21-0,77,0,26,1
7,CCMD86114146ST-21-0,68,1,23,1
7,CCMD86707194ST-21-0,53,0,31,1
7,CCMD87156761ST-21-0,55,1,28,0
7,CCMD88272491ST-21-0,72,1,28,1
7,CCMD90311071ST-21-0,43,0,22,0
7,CCMD93344354ST-21-0,51,1,30,1
7,CCMD95433940ST-21-0,49,0,30,0
7,CCMD96553385ST-21-0,90,1,28,0
7,CCMD19168690ST-11-0,63,0,25.8,0
7,CCMD21593359ST-11-0,85,0,19.7,0
7,CCMD21703880ST-11-0,80,1,28.4,0
7,CCMD27463710ST-11-0,81,1,26.1,0
7,CCMD35633353ST-11-0,61,1,25.2,1
7,CCMD42956136ST-11-0,67,0,30.1,0
7,CCMD49461418ST-11-0,61,1,21.6,0
7,CCMD52117727ST-11-0,79,1,22.4,0
7,CCMD52145360ST-11-0,81,1,24,1
7,CCMD59583015ST-11-0,61,0,24.1,1
7,CCMD65222621ST-11-0,63,0,28.8,1
7,CCMD65406197ST-11-0,50,0,32.1,0
7,CCMD71242853ST-11-0,56,0,30,0
7,CCMD71915439ST-11-0,60,0,35.8,0
7,CCMD72690923ST-11-0,60,1,19.7,1
7,CCMD76222476ST-11-0,62,0,21.3,0
7,CCMD79349503ST-11-0,60,0,21.9,1
7,CCMD89306485ST-11-0,52,1,29.9,1
7,CCMD92404903ST-11-0,66,0,13.3,0
7,CCMD95431029ST-11-0,84,1,24,1
7,CCMD95676152ST-11-0,73,1,26.6,1
7,CCMD98531134ST-11-0,59,1,26.5,1
8,sub_10021,57,1,26.8809517,0
8,sub_10033,54,0,24.74745426,0
8,sub_10047,73,1,22.32142857,0
8,sub_10055,56,0,17.4817898,1
8,sub_10059,69,0,25.63691716,1
8,sub_10067,64,0,24.21875,0
8,sub_10073,71,0,29.96432818,1
8,sub_10074,61,1,22.22906193,1
8,sub_10081,65,1,21.8299522,1
8,sub_10091,70,0,24.73246136,1
8,sub_10097,62,0,21.875,1
8,sub_10099,51,1,20.76124567,1
8,sub_10103,55,1,24.57786715,0
8,sub_10118,62,0,21.08281329,1
8,sub_10119,76,1,19.17,0
8,sub_10124,73,1,22.05805119,0
8,sub_10126,52,1,31.02040816,1
8,sub_10134,63,0,36.5230095,0
8,sub_10140,64,0,22.47658689,1
8,sub_10147,51,0,18.82711104,0
8,sub_10152,67,0,24.32322868,1
8,sub_10154,69,1,22.75830678,1
8,sub_10165,71,1,26.21882086,0
8,sub_10168,78,1,22.67995241,0
8,sub_10171,30,1,25.68956193,1
8,sub_10177,67,1,23.59700421,0
8,sub_10178,69,0,23.55555556,0
8,sub_10185,65,1,21.71806609,0
8,sub_10191,59,1,25.4580659,1
8,sub_10195,57,0,18.36900337,1
8,sub_10198,76,0,29.01307967,1
8,sub_10199,64,1,23.05175491,0
8,sub_10201,38,1,24.39105884,0
8,sub_10203,60,1,27.06405159,1
8,sub_10213,49,1,26.12244898,1
8,sub_10232,64,1,22.46003435,1
8,sub_10236,47,1,23.56663223,0
8,sub_10238,66,0,22.60026298,0
8,sub_10248,62,1,23.95122659,1
8,sub_10249,47,1,21.4532872,0
8,sub_10260,63,0,20.13477975,1
8,sub_10265,73,1,24.6097337,1
8,sub_10266,65,1,21.30394858,0
8,sub_10267,60,0,20.82999519,1
8,sub_10277,73,0,16.88019391,0
8,sub_10284,73,1,23.33546614,0
8,sub_10303,44,0,26.6727633,0
8,sub_10306,69,1,19.43301326,0
8,sub_10307,49,0,22.64086462,1
8,sub_10308,69,0,20.613131,1
8,sub_10309,70,1,26.76977989,0
8,sub_10322,70,0,21.90758246,1
8,sub_10323,68,0,21.78649237,0
8,sub_10324,66,1,24.67550027,1
8,sub_10330,66,1,22.05805119,0
8,sub_10332,61,1,28.29334541,1
8,sub_10333,45,1,20.61925365,1
8,sub_10334,63,0,21.36752137,1
8,sub_10338,57,1,25.43268596,0
8,sub_10345,73,0,26.57312925,1
8,sub_10358,61,0,24.609375,0
8,sub_10366,72,1,20.90419501,1
8,sub_10371,57,0,24.45606342,1
8,sub_10377,73,0,22.15102251,0
8,sub_10380,28,1,26.29757785,1
8,sub_10385,71,1,27.34375,0
8,sub_10389,70,1,21.04804761,0
8,sub_10459,73,0,19.56295525,1
8,sub_10461,46,1,19.15119182,1
8,sub_10462,61,0,21.64127424,1
8,sub_10464,76,1,24.65303141,0
8,sub_10468,52,1,23.25501864,1
8,sub_10469,69,1,16.14152893,0
8,sub_10476,70,0,17.34842951,0
8,sub_10480,53,1,20.76124567,1
8,sub_10483,63,0,17.4817898,0
8,sub_10492,63,1,24.85907356,1
8,sub_10503,69,1,25.72755521,0
8,sub_10505,65,0,17.99307958,0
8,sub_10513,70,1,20.57613169,1
8,sub_10514,59,1,24.84098009,1
8,sub_10523,50,1,23.49,1
8,sub_10525,68,1,23.87511478,1
8,sub_10527,62,1,24.61810377,0
8,sub_10532,60,1,23.22543185,0
8,sub_10542,71,0,31.11111111,1
8,sub_10545,66,0,20.42941836,1
8,sub_10550,74,0,25.73,0
8,sub_10556,45,0,23.42236836,0
8,sub_10566,59,0,22.65625,1
8,sub_10576,72,1,22.03856749,0
8,sub_10584,51,1,22.72440348,0
8,sub_10598,65,1,25.05930703,0
8,sub_10604,69,1,21.51385851,1
8,sub_10609,51,1,18.16620425,1
8,sub_10615,75,0,18.97453196,0
8,sub_10616,64,1,23.10843458,1
8,sub_10628,73,0,18.31425598,1
8,sub_10635,77,1,23.33768443,0
8,sub_10644,64,1,22.67995241,0
8,sub_10645,49,0,19.38214469,0
8,sub_10646,67,0,20.17455375,0
8,sub_10648,70,0,23.14049587,1
8,sub_10656,70,1,24.24242424,0
8,sub_10660,67,0,25.43748081,0
8,sub_10665,64,1,20.44674202,0
8,sub_10667,68,1,24.76756592,1
8,sub_10668,74,1,25.95155709,1
8,sub_10670,69,1,19.36247266,0
8,sub_10671,71,1,22.48132907,0
8,sub_10674,47,1,35.20104514,1
8,sub_10675,55,1,26.17519452,0
8,sub_10694,53,1,26.36560303,0
8,sub_10697,47,0,18.06616734,1
8,sub_10700,77,1,24.6097337,0
8,sub_10709,56,0,23.01117686,0
8,sub_10713,63,1,19.75308642,0
8,sub_10714,59,0,20.9566075,1
8,sub_10715,60,1,23.42355741,1
8,sub_10717,69,1,22.83950617,0
8,sub_10718,52,1,23.66524436,1
8,sub_10720,39,1,19.37919743,0
8,sub_10722,67,0,21.45726808,0
8,sub_10723,73,1,23.30668005,1
8,sub_10725,78,1,25.90945695,1
8,sub_10731,60,1,21.29529475,0
8,sub_10745,69,0,19.77769867,1
8,sub_10747,62,1,25.59373706,1
8,sub_10749,65,0,24.91990032,0
8,sub_10754,46,0,17.44492677,0
8,sub_10756,50,1,22.05219018,1
8,sub_10760,59,0,20.504934,0
8,sub_10761,54,0,20.56880661,1
8,sub_10762,63,0,19.81784449,0
8,sub_10765,49,1,37.55102041,1
8,sub_10767,72,1,24.69040546,1
8,sub_10772,59,1,25.05930703,0
8,sub_10774,61,0,23.61275089,1
8,sub_10775,66,1,18.71094925,1
8,sub_10785,62,0,22.03172568,0
8,sub_10812,64,1,23.83673469,0
8,sub_10813,32,0,22.34778209,1
8,sub_10814,78,1,29.7210791,1
8,sub_10816,70,0,23.06805075,1
8,sub_10818,75,0,22.22222222,0
8,sub_10827,73,1,22.91303307,1
8,sub_10829,52,1,26.42356982,1
8,sub_10839,58,1,19.605192,0
8,sub_10847,73,0,20.54569362,1
8,sub_10853,65,1,27.18089991,1
8,sub_1,69,0,22.50692521,1
8,sub_10030,58,1,24.02380867,1
8,sub_10237,64,0,18.02595738,0
8,sub_10367,58,1,28.05570579,1
8,sub_10544,48,1,23.03004535,1
8,sub_10565,61,1,22.39541342,0
8,sub_10568,58,1,22.53061224,0
8,sub_10578,65,1,21.383942,1
8,sub_10579,69,1,24.6097337,1
8,sub_10582,70,1,18.96192742,0
8,sub_10595,66,1,20.54569362,0
8,sub_10596,74,0,19.43634597,1
8,sub_10601,65,1,20.24489796,1
8,sub_10603,48,0,22.89281998,0
8,sub_10819,62,0,29.296875,1
8,sub_10860,59,1,24.50894577,1
8,sub_10866,48,1,28.30599506,0
8,sub_10880,67,1,30.47721924,1
8,sub_10887,46,1,22.85714286,1
8,sub_10888,73,1,23.72528616,1
8,sub_10911,61,1,27.47562949,1
8,sub_10931,67,1,24.67550027,1
8,sub_10934,66,1,22.13673973,1
8,sub_10935,74,1,22.54657648,0
8,sub_10938,55,1,25.35154137,1
8,sub_10967,66,1,22.14532872,0
8,sub_10975,60,0,20.02884153,0
8,sub_10980,65,0,18.26150475,0
8,sub_10989,65,1,20.01549587,0
8,sub_10992,58,1,23.1206236,1
8,sub_11006,75,1,19.70553242,1
8,sub_11008,61,0,22.47658689,0
8,sub_11010,75,1,22.86253448,0
8,sub_11011,72,1,23.66524436,1
8,sub_11029,66,1,23.87511478,0
8,sub_11030,58,0,17.1875,0
8,sub_11036,48,1,25.64891762,1
8,sub_11045,73,1,23.87511478,0
8,sub_11048,65,0,20.3125,1
8,sub_11054,75,1,20.9566075,1
8,sub_11081,72,1,19.94321255,0
8,sub_11085,63,1,23.50780533,0
8,sub_11097,79,0,17.66929652,0
8,sub_11103,44,1,28.99789384,1
8,sub_11110,61,1,22.58955144,1
8,sub_11121,46,1,25.40281608,0
8,sub_11128,67,1,21.33333333,1
8,sub_11132,62,1,19.83471074,1
8,sub_11141,66,0,21.23057202,1
8,sub_11151,76,1,19.00390835,0
8,sub_11162,62,1,21.09375,0
8,sub_11224,78,0,21.2191358,1
8,sub_11237,66,0,22.0603538,0
8,sub_11238,73,1,21.20310523,0
8,sub_11241,54,1,25.46938776,1
8,sub_11281,64,1,22.40587695,0
8,sub_11417,50,1,23.66143862,0
8,sub_11423,66,1,28.9340689,0
8,sub_11428,51,1,26.64359862,1
8,sub_11433,59,0,19.14672216,0
8,sub_11438,61,0,17.84651993,0
8,sub_11445,68,1,22.95908766,1
8,sub_11453,71,0,18.49112426,0
8,sub_11472,73,0,21.05170826,0
8,sub_11478,68,0,25.68370987,0
8,sub_11490,64,1,24.48979592,0
8,sub_11498,58,1,20.51508648,0
8,sub_11510,64,1,22.58955144,1
8,sub_11512,69,0,18.17867036,0
8,sub_11817,75,1,21.30394858,0
8,sub_11819,72,1,24.91349481,0
8,sub_11820,49,0,19.28937927,1
8,sub_11823,71,0,21.92886277,1
8,sub_11826,48,0,29.51593861,0
8,sub_11829,43,1,21.63331531,1
8,sub_11831,60,1,19.1953028,1
8,sub_11835,51,1,22.22906193,1
8,sub_11836,69,1,22.75830678,0
8,sub_11838,69,1,25.68007405,0
8,sub_11851,76,1,21.92612582,0
8,sub_11859,64,0,25.33304989,1
8,sub_11879,64,0,29.67657563,1
8,sub_11881,63,0,23.55555556,0
8,sub_11888,71,1,21.0498179,0
8,sub_11891,72,0,20.32443826,0
8,sub_11893,53,1,31.23140988,0
8,sub_11899,64,1,26.25958475,0
8,sub_11900,59,1,28.06642387,1
8,sub_11918,68,0,25.29937595,1
8,sub_11920,68,1,23.4375,1
8,sub_11921,40,1,22.5981405,1
8,sub_11922,58,0,22.50692521,1
8,sub_11929,57,1,27.01685989,0
8,sub_11940,61,1,27.10204082,1
8,sub_11951,77,0,20.26935724,1
8,sub_11956,45,1,22.27530992,1
8,sub_11957,59,1,20.19946976,1
8,sub_11973,67,1,23.62444749,1
8,sub_11974,69,1,23.87511478,0
8,sub_11982,68,0,22.43230252,1
8,sub_11993,73,0,21.49028551,1
8,sub_12002,55,1,22.5981405,1
8,sub_12005,48,0,23.19109462,0
8,sub_12014,59,1,25.95155709,1
8,sub_12020,67,0,24.44444444,1
8,sub_12022,74,0,23.55555556,0
8,sub_12024,73,1,19.84126984,0
8,sub_12025,46,0,20.54569362,1
9,SZAXPI003410-3,73,1,23.8,0
9,SZAXPI003411-6,67,0,24.7,1
9,SZAXPI003412-1,56,1,25.6,0
9,SZAXPI003413-4,59,0,20.7,1
9,SZAXPI003414-3,61,1,25.2,1
9,SZAXPI003415-12,60,1,23.2,0
9,SZAXPI003416-4,73,0,17.7,1
9,SZAXPI003421-5,71,1,25.8,0
9,SZAXPI003423-8,55,1,22.2,1
9,SZAXPI003424-12,77,1,21.7,0
9,SZAXPI003428-6,58,0,23.9,0
9,SZAXPI003430-5,64,0,29.1,0
9,SZAXPI003432-12,73,1,22.7,0
9,SZAXPI003434-7,80,1,24,0
9,SZAXPI003435-11,67,1,23.1,1
9,SZAXPI003436-7,61,0,22,1
9,SZAXPI003437-3,63,1,24.4,1
9,SZAXPI015210-17,64,1,22,0
9,SZAXPI015213-15,83,0,30.4,0
9,SZAXPI015219-129,54,0,29.7,0
9,SZAXPI015221-142,54,0,25.6,1
9,SZAXPI015222-123,69,1,29,0
9,SZAXPI015224-13,44,1,22.5,1
9,SZAXPI015226-14,73,1,24.5,0
9,SZAXPI017451-16,60,1,20,1
9,SZAXPI017452-17,77,1,24.5,1
9,SZAXPI017454-20,71,0,21.2,0
9,SZAXPI017456-23,77,1,22,1
9,SZAXPI017457-24,77,1,23.5,0
9,SZAXPI017458-25,83,0,22.8,0
9,SZAXPI017460-27,69,0,28.3,1
9,SZAXPI017461-32,62,1,23.5,0
9,SZAXPI017462-33,78,1,27,1
9,SZAXPI017464-37,81,1,18.2,1
9,SZAXPI017465-43,63,0,28,0
9,SZAXPI017468-88,76,1,21.9,0
9,SZAXPI017582-94,74,1,24.2,1
9,SZAXPI017583-102,77,1,20.2,1
9,SZAXPI017585-109,70,0,26.7,1
9,SZAXPI017586-111,83,0,18.9,0
9,SZAXPI017587-113,68,1,21.5,1
9,SZAXPI017588-123,79,1,26.8,0
9,SZAXPI017589-133,64,0,28.3,0
9,SZAXPI017590-136,67,1,24.9,0
9,SZAXPI017593-158,68,1,23.7,0
10,FR-828,67,1,28,0
10,FR-200,58,1,24,0
10,FR-788,62,1,26,1
10,FR-823,81,0,39,0
10,FR-654,51,1,30,1
10,FR-404,59,0,20,1
10,FR-901,56,0,39,1
10,FR-125,72,0,37,1
10,FR-414,63,1,25,0
10,FR-815,82,1,24,1
10,FR-506,60,1,26,1
10,FR-767,69,0,24,0
10,FR-652,64,1,21,1
10,FR-430,80,1,29,0
10,FR-812,73,1,40,1
10,FR-723,79,0,22,0
10,FR-202,87,0,32,1
10,FR-298,73,0,24,0
10,FR-817,74,0,19,0
10,FR-451,78,1,19,1
10,FR-770,75,1,37,1
10,FR-825,65,1,24,0
10,FR-830,54,0,22,1
10,FR-667,67,1,25,0
10,FR-170,62,0,21,1
10,FR-503,87,0,15,1
10,FR-827,53,1,25,0
10,FR-551,72,1,22,1
10,FR-293,76,1,21,1
10,FR-734,64,1,30,1
10,FR-268,70,0,26,1
10,FR-617,80,0,23,1
10,FR-376,76,1,25,1
10,FR-504,56,0,23,1
10,FR-780,68,1,23,1
10,FR-772,69,0,25,1
10,FR-281,50,0,24,1
10,FR-824,74,0,26,0
10,FR-450,44,1,20,1
10,FR-783,65,1,26,1
10,FR-768,69,0,30,1
10,FR-302,59,1,27,0
10,FR-628,51,1,24,1
10,FR-344,48,0,24,1
10,FR-722,45,0,28,1
10,FR-208,63,1,22,1
10,FR-310,85,0,20,0
10,FR-223,79,1,30,0
10,FR-505,73,1,17,1
10,FR-328,73,0,26,0
10,FR-275,63,1,31,1
10,FR-459,63,1,29,1
10,FR-552,55,0,25,0
