Abiotrophia,Acetitomaculum,Acidaminobacter,Actinobaculum,Actinotignum,Aggregatibacter,Akkermansia,Alkalibacter,Alloprevotella,Alloscardovia,Anaeroglobus,Anaeroplasma,Anaerosolibacter,Anaerostipes,Anaerovorax,Arcobacter,Arthrobacter,Azorhizophilus,Bavariicoccus,Bifidobacterium,Brachyspira,Bulleidia,Butyrivibrio,Carnobacterium,Catabacter,Cedecea,Christensenella,Cloacibacterium,Clostridium.XI,Clostridium.XlVb,Coriobacterium,Cosenzaea,Cronobacter,Desulfohalobium,Dysgonomonas,Erwinia,Erysipelothrix,Erysipelotrichaceae_incertae_sedis,Facklamia,Falsiporphyromonas,Finegoldia,Fusicatenibacter,Gardnerella,Geopsychrobacter,Haemophilus,Herbaspirillum,Howardella,Hungatella,Intestinibacter,Kandleria,Lactococcus,Lawsonia,Leclercia,Lelliottia,Mangrovibacter,Mangrovibacterium,Melissococcus,Meniscus,Mesorhizobium,Methanobrevibacter,Methanosphaera,Methylobacterium,Mobiluncus,Moellerella,Natranaerovirga,Neisseria,Obesumbacterium,Odoribacter,Oscillibacter,Parabacteroides,Parvimonas,Pelomonas,Pelospora,Peptostreptococcus,Pilibacter,Piscinibacter,Plesiomonas,Porphyromonas,Propionispora,Providencia,Pseudomonas,Pseudoramibacter,Pseudoxanthomonas,Puniceicoccus,Ralstonia,Renibacterium,Romboutsia,Rosenbergiella,Rothia,Samsonia,Schwartzia,Sharpea,Sphingomonas,Sporacetigenium,Subdoligranulum,Sutterella,Tepidimicrobium,Terrisporobacter,Varibaculum,Victivallis
0,3,1,0,0,0,490,0,95,0,0,0,0,2067,44,0,0,0,0,1818,0,0,121,0,26,0,29,0,6,42,16,0,0,0,0,0,0,0,0,0,0,1263,2,0,414,1,0,112,160,0,0,0,1,0,0,0,0,0,0,95,0,0,0,0,0,0,0,1476,1697,2527,0,0,0,0,2,0,0,3,0,0,33,0,0,1,0,0,161,0,0,0,0,0,0,0,12,2133,0,147,0,161
0,1,0,0,0,0,76,0,6,0,1,0,0,298,9,0,0,0,0,102,0,0,375,0,0,0,41,0,0,647,1,0,0,0,0,0,0,3,0,0,0,689,0,0,2,0,0,12,0,0,13,0,0,0,0,0,0,0,0,0,0,0,0,0,0,0,0,1296,1707,9637,0,0,0,0,0,0,0,0,0,0,0,0,0,0,0,0,95,0,0,0,0,0,0,0,5,56,0,0,0,0
0,5,1,0,0,0,3,0,11,0,2,0,0,1644,1,0,0,0,0,4,0,0,419,0,0,0,0,0,0,137,4,0,0,0,0,0,0,14,0,0,0,4430,3,0,8,0,0,15,44,0,14,0,0,0,0,0,1,0,0,0,0,0,0,0,0,0,0,4,209,43162,4,0,0,0,0,0,0,3,0,0,0,0,0,0,0,0,362,0,4,0,0,0,0,0,5,8,0,23,0,0
0,3,0,0,0,0,6,0,6,0,0,3,0,2056,0,0,0,0,0,21,0,0,1647,0,0,0,0,0,2,208,0,0,0,0,0,0,0,4,0,0,10,9573,0,0,2,0,0,523,478,0,1,0,0,0,0,0,0,0,0,0,0,0,0,0,0,0,0,4,354,27,0,0,0,0,1,0,0,0,0,0,0,0,0,0,0,0,20,0,1,1,0,0,0,0,8,11,0,0,0,0
0,3,5,0,0,0,2515,0,12,0,0,0,0,101,75,3,0,0,0,1377,0,0,1,0,20,0,73,0,0,243,8,0,0,0,0,0,0,0,0,1,0,517,3,0,11,0,1,114,33,0,4,10,0,0,1,0,0,0,0,0,0,0,0,0,0,0,0,1436,5460,4664,0,0,0,0,2,0,0,0,0,0,0,0,0,0,0,0,41,0,0,0,0,0,0,0,8,659,0,0,0,0
2,1,0,0,0,0,629,0,6,0,0,0,0,78,14,0,0,0,1,4148,0,0,24,0,0,0,25,0,0,417,2,0,0,0,0,0,0,19,0,0,0,3857,3,0,9,0,1,44,6,0,4,0,0,0,0,0,1,0,0,0,0,0,0,0,0,0,0,4,643,2543,0,0,0,0,0,0,0,0,0,0,0,0,0,0,0,0,33,0,0,0,0,0,0,0,16,4483,0,0,0,0
2,0,2,0,0,0,9582,0,5,0,1,0,0,291,50,0,0,0,0,12479,0,0,9,0,7,0,87,0,8,15,18,0,0,0,0,0,0,11,0,0,3,167,17,0,38,0,0,24,29,0,29,0,0,0,1,0,0,0,0,146,0,0,4,0,0,1,0,2961,10261,1472,0,0,0,0,0,0,0,33,0,0,0,0,0,0,0,0,288,1,0,0,0,0,0,0,17,5,0,10,0,244
0,5,0,0,0,0,10,0,12,0,0,0,0,2494,0,0,0,0,0,1,0,0,341,0,0,0,0,0,0,347,0,0,0,0,0,0,0,77,0,0,0,5238,0,0,65,0,3,17,64,0,3,0,0,0,0,0,0,0,0,0,0,0,0,0,0,0,0,10,227,34,0,0,0,0,0,0,0,0,0,0,0,0,0,0,0,0,1760,0,4,0,0,0,0,4,13,4658,0,0,0,0
0,9,2,0,0,0,1517,0,2,0,2,0,0,1087,31,0,0,0,0,38,0,0,477,0,0,0,31,0,0,240,4,0,0,0,0,0,0,0,0,0,0,2001,0,0,2,0,0,16,0,0,18,0,0,0,0,0,0,0,0,3,0,0,0,0,0,0,0,1609,2740,2734,4,0,0,0,0,0,0,0,0,0,0,0,0,0,0,0,0,2,0,0,0,0,0,0,455,3,0,0,0,21
0,15,0,0,0,0,106,0,2011,0,0,0,0,954,20,0,0,0,0,158,0,0,27,0,4,0,49,0,9,164,1,0,0,0,0,0,0,0,0,0,0,1359,0,0,16,0,0,58,0,0,22,0,0,0,0,0,0,0,0,289,0,0,0,0,7,0,0,1066,4159,3732,0,0,0,0,1,0,0,0,0,0,1,0,0,0,0,0,177,0,0,0,0,0,0,0,20,26,0,0,0,1172
0,11,0,0,0,0,17,0,3008,0,0,0,0,1467,6,0,0,0,0,9,0,0,282,0,1,0,10,0,0,237,3,0,0,0,0,0,0,4,0,0,0,1898,0,0,0,0,0,42,1,0,163,0,0,0,0,0,0,0,0,0,0,0,0,0,0,0,0,5,1273,2630,0,0,0,0,11,0,0,0,0,0,0,0,0,0,0,0,3,0,0,0,0,0,0,0,36,3295,0,2,0,0
0,8,0,0,0,0,1735,0,11,0,0,0,0,243,69,0,0,0,0,1454,0,0,46,0,49,0,17,0,0,72,1,0,0,0,0,0,0,2,0,0,0,1101,2,0,6,0,157,6,216,0,0,5,0,0,0,0,0,0,0,103,0,0,0,0,0,0,0,466,5443,1652,0,1,0,0,0,0,0,0,0,0,0,0,0,0,0,0,42,0,0,0,0,0,0,0,14,1368,0,36,0,508
0,1,0,0,0,0,5,0,6,0,143,0,0,89,26,0,0,0,0,14728,0,0,15,0,10,0,0,0,0,55,0,0,0,0,0,0,0,13,0,0,3,8949,19,0,3,0,255,11,94,0,14,0,8,0,0,0,1,0,0,0,0,0,0,0,0,0,0,1458,1197,3746,0,0,0,0,5,0,0,5,0,0,0,7,0,0,0,0,78,0,0,0,0,0,0,0,71,1737,0,119,0,1
0,1,0,0,0,2,20,0,13,0,0,0,0,354,67,0,0,0,0,782,0,0,587,0,0,0,4,0,0,16,0,0,0,0,0,0,0,7,0,0,0,5758,3,0,971,0,0,17,138,0,0,0,0,0,0,0,0,0,0,0,0,0,0,0,0,0,0,1448,1124,2415,0,0,0,0,3,0,0,0,0,0,2,0,0,0,0,0,18,0,2,0,0,0,0,0,3,28,0,0,0,0
0,0,0,1,0,0,2,0,12597,0,28,0,0,35,0,0,0,0,0,1414,0,1,62,0,0,0,0,0,0,5,0,0,0,0,0,0,0,0,0,0,0,49,0,0,23,0,25,6,0,1,2,0,0,0,0,0,0,0,0,0,0,0,0,0,0,0,0,18,97,145,0,0,0,0,0,0,0,0,0,0,0,0,0,0,0,0,0,0,0,0,0,0,0,0,69,1185,0,5,0,0
1,0,0,0,0,15,9,0,991,0,10,0,0,73,11,0,0,0,0,1085,0,0,445,7,0,0,1,0,0,232,4,0,0,0,0,0,0,0,0,0,0,451,8,0,962,0,73,6,0,0,72,0,2,0,1,0,5,0,0,0,0,0,0,0,0,3,0,204,653,1068,5,0,0,3,20,0,0,7,0,0,5,0,0,0,0,0,4,0,11,0,1,0,0,0,8,5986,0,0,0,7
0,4,0,0,0,0,629,0,8,0,0,0,0,154,1,0,0,0,0,4875,0,0,1,0,0,0,0,0,1,975,1,0,0,0,0,0,0,48,0,0,0,17,10,0,4,0,1,77,118,0,17,0,0,0,0,0,0,0,0,0,0,0,2,0,0,0,0,4,347,12495,0,0,0,0,0,0,0,0,0,0,0,0,0,0,0,0,19,2,0,0,0,0,0,0,16,31,0,0,0,0
0,1,0,0,0,0,936,0,14,0,0,0,0,166,0,0,0,0,0,4379,0,0,878,0,0,0,0,0,0,97,1,0,0,0,0,0,0,9,0,0,0,8,3,0,16,0,0,45,2,0,19,0,0,0,0,0,0,0,0,0,0,0,0,0,0,0,0,2,279,2873,0,0,0,0,3,0,0,0,0,0,0,0,0,0,0,0,0,0,0,0,0,0,0,0,1,7929,0,0,0,0
0,2,0,0,0,0,6,0,32,0,2,0,0,39,0,0,0,0,0,1,0,0,171,0,0,0,17,0,0,74,1,0,0,0,0,0,0,0,0,0,0,901,0,0,26,0,0,6,0,1,3,2,0,0,0,1,0,0,0,0,0,0,0,0,0,0,0,5,951,946,0,0,0,0,0,0,0,0,0,0,2,0,0,0,0,0,13,0,0,0,0,0,0,0,6,3,0,0,0,0
0,3,0,0,0,0,1,0,6,0,0,0,0,99,0,0,0,0,0,592,0,0,1,0,0,0,0,0,1,237,6,0,4,0,0,40,0,11,0,0,0,150,0,0,0,0,0,31,0,0,0,0,63,0,9,0,1,1,0,0,0,0,0,0,0,0,0,3,126,6423,0,0,0,0,4,0,0,29,0,0,0,0,0,0,0,0,415,8,32,7,0,0,0,1,1,3712,0,309,0,0
0,6,1,0,0,1,22,0,4,0,0,0,0,180,32,0,0,0,0,5641,0,0,209,0,1,0,11,0,0,150,2,0,0,0,0,0,0,3,0,0,0,788,2,0,169,1,86,5,46,0,0,0,1,0,0,0,0,0,0,19,0,0,0,0,0,0,0,882,2334,1834,0,0,3,0,3,0,0,4,0,0,13,0,0,0,0,0,26,1,0,0,0,0,0,0,11,1615,0,3,0,925
0,7,0,0,0,0,1,0,8,1,94,0,0,843,9,0,0,0,0,3182,0,0,10,0,2,0,36,0,0,110,7,0,0,0,0,0,0,3,2,0,0,4854,17,0,0,0,0,25,0,0,22,0,0,0,1,0,0,0,0,0,0,0,0,0,0,0,0,1815,571,3903,0,0,0,0,1,0,0,13,0,0,0,0,0,0,0,0,8,3,0,0,0,0,0,0,11,1039,0,0,0,211
0,0,0,0,0,0,4,0,6,0,0,0,0,440,14,0,0,0,0,609,0,0,241,0,0,0,5,0,1,177,6,0,0,0,0,0,0,5,0,0,0,1035,0,0,0,0,96,21,14,0,2,0,0,0,0,0,0,0,0,0,0,0,0,0,0,0,0,1382,1019,5763,0,0,0,0,1,0,0,0,0,0,0,0,0,0,0,0,48,0,0,0,0,0,0,0,18,18,0,0,0,26
3,15,5,0,0,0,256,0,2,0,0,0,8,1411,86,0,0,0,0,1406,0,0,253,0,64,0,31,0,0,278,0,0,0,0,0,0,0,0,0,3,0,1806,6,0,32,0,0,17,5,0,14,1,0,0,0,0,0,0,0,176,48,0,0,0,10,0,0,908,8837,1263,0,0,4,0,0,0,0,0,30,0,0,0,0,3,0,0,34,0,1,0,0,0,0,0,9,16,0,6,0,23
0,6,1,0,0,0,4,0,14,0,0,0,0,676,31,0,0,0,0,14,0,0,175,0,2,0,25,0,0,230,3,0,0,0,0,0,0,0,0,0,0,2233,0,0,10,0,0,29,0,0,25,1,0,0,0,0,0,0,0,0,0,0,0,0,0,0,0,456,1590,1247,0,0,0,0,2,0,0,0,0,0,0,0,0,0,0,0,33,0,0,0,0,0,0,0,2,3032,0,0,0,1
0,0,0,0,0,0,3,0,27,0,0,0,0,362,0,0,0,0,0,5,0,0,2,0,0,0,0,0,3,12,1,0,0,0,0,0,0,48,0,0,0,13335,0,0,144,0,0,123,222,0,10,0,0,0,0,0,0,0,0,0,0,0,0,0,0,0,0,1,2,25,0,0,0,0,0,0,0,0,0,0,0,0,0,0,0,0,33,0,0,0,0,0,0,0,3,1911,0,0,0,1
0,0,0,0,0,0,6585,0,22,0,0,0,0,400,245,0,0,0,0,14737,0,0,126,0,0,0,32,0,3,184,2,0,0,0,0,0,0,10,0,0,0,1946,19,0,2,1,3,113,836,0,0,0,0,0,0,0,0,0,0,0,0,0,0,0,0,0,0,851,636,3163,0,0,0,0,3,0,0,0,0,0,0,0,0,0,0,0,4,1,0,0,0,0,0,0,13,35,0,0,0,1
0,2,0,0,0,0,20,0,1,0,0,0,0,325,2,0,0,0,0,10587,0,0,445,0,0,0,1,0,0,141,1,0,0,0,0,0,0,1,0,0,0,9311,15,0,585,0,1,63,0,0,0,0,0,0,0,0,0,0,0,0,0,0,0,0,0,0,0,3,792,20,0,0,0,0,0,0,0,0,0,0,3,0,0,0,0,0,2,0,6,0,0,0,0,0,12,2829,0,4,0,0
0,1,0,0,0,9,2,0,2,0,0,0,0,257,0,0,0,0,0,3588,0,0,293,0,0,0,2,0,1,111,1,0,0,0,0,0,0,2,0,0,0,5290,5,0,6,0,0,8,30,0,3,0,0,0,0,0,0,0,0,3,0,0,0,0,0,0,0,1330,578,903,0,0,0,0,1,0,0,0,0,0,0,0,0,0,0,0,4,0,1,0,0,0,0,0,7,5,0,2,0,1
0,9,2,0,0,0,5269,0,259,0,19,0,0,58,40,0,0,0,0,1888,0,9,191,0,96,0,122,0,0,42,11,0,0,0,0,0,0,2,0,0,0,540,3,0,0,0,84,31,0,0,0,1,0,0,0,0,0,0,0,94,0,0,0,0,2,0,0,77,4089,1168,0,0,2,0,3,1,0,0,0,0,3,0,0,1,0,0,13,1,2,0,1,0,0,0,14,90,0,0,0,243
0,0,0,0,0,0,2,0,5,0,0,0,0,835,2,0,0,0,0,123,0,0,30,0,0,0,4,0,0,401,3,0,0,0,0,0,0,6,0,0,0,48,0,0,0,0,3,4,0,0,16,0,0,0,0,0,0,0,0,0,0,0,0,0,0,0,0,723,1232,9438,0,0,0,0,0,0,0,0,0,0,0,0,0,0,0,0,0,0,4,0,0,0,0,0,24,1,0,0,0,0
0,6,0,0,0,0,371,0,21,0,1,80,0,85,57,0,0,0,0,2519,0,0,725,0,5,0,37,0,0,43,7,0,0,0,0,0,0,0,0,0,0,421,2,0,780,0,35,36,0,0,1,0,9,0,0,0,1,0,0,2,0,0,0,0,1,3,0,632,3429,1468,0,0,0,0,2,0,0,0,0,0,15,0,0,0,0,0,13,0,11,0,0,0,0,0,5,197,0,0,0,103
1,2,0,0,0,21,9,0,4,0,2,0,0,248,2,0,0,0,0,124,0,0,611,0,0,0,2,0,0,357,1,0,0,0,0,0,0,4,0,0,0,2102,0,0,3167,0,0,16,0,0,158,0,1,0,0,0,0,0,0,0,0,0,0,0,0,0,0,405,318,7547,1,0,0,1,2,0,0,0,0,0,0,0,0,0,0,0,168,0,17,0,4,0,0,1,5,18521,0,3,0,0
0,6,0,1,0,0,3,0,12,0,2,0,0,257,20,0,0,0,0,136,0,0,4,0,62,0,71,0,0,146,45,0,0,0,0,0,0,1,0,0,85,1385,0,0,20,0,267,19,1,0,83,0,0,0,1,0,0,0,0,0,0,0,2,0,0,0,0,4,2573,6295,4,0,0,0,3,0,0,82,0,0,0,0,0,0,0,0,623,3,0,1,0,0,0,1,16,5275,0,0,0,1
0,4,1,0,0,0,971,0,33,1,0,0,0,1462,101,0,0,0,0,6104,0,0,162,0,3,0,55,0,0,130,4,0,0,0,0,0,0,2,0,0,0,1011,2,0,39,0,1,33,6,0,8,0,0,0,0,0,2,0,0,44,0,0,0,0,0,0,0,510,965,3180,1,0,0,0,5,0,0,0,0,0,0,0,0,0,0,0,24,0,2,0,0,0,0,0,13,2471,0,1,0,13
3,0,0,0,0,0,0,0,22668,1,2,0,0,4,1,0,0,0,0,90,0,1,2004,0,0,0,0,0,0,266,0,0,0,0,0,0,0,4,0,1,0,253,2,0,1052,0,175,24,5,0,0,0,0,0,0,0,8,0,0,0,0,0,0,0,0,0,0,7,328,4375,3,0,0,0,17,0,0,0,0,0,0,0,0,0,0,0,11,7,26,0,0,0,0,0,4,12547,0,0,0,0
0,2,0,0,0,0,3,0,4,0,0,0,0,1173,0,0,0,0,0,691,0,0,191,0,0,0,0,0,0,2,0,0,0,0,0,0,0,0,0,0,0,1101,0,0,37,0,48,11,6,0,0,0,0,0,0,0,0,0,0,0,0,0,0,0,0,0,0,189,2665,3298,0,0,0,0,2,0,0,0,0,0,0,0,0,0,0,0,5,0,8,0,0,0,0,0,5,3,0,11,0,0
0,2,0,0,0,0,16,0,2,0,0,0,0,296,0,0,0,0,0,3852,0,0,312,0,0,0,0,0,0,53,1,0,0,0,0,0,0,0,0,0,0,594,5,0,67,0,1,10,9,0,1,0,1,0,0,0,0,0,0,0,0,0,0,0,0,0,0,75,496,1635,0,0,0,0,0,0,0,7,0,0,0,0,0,0,0,0,159,0,0,0,0,0,0,0,1,23396,0,12,0,0
5,0,0,0,0,0,10,0,1,0,0,0,0,273,0,0,0,0,0,218,0,0,316,0,0,0,0,0,0,4,0,0,0,0,0,0,0,0,0,0,0,532,2,0,2251,0,584,13,83,0,5,1,0,0,2,1,0,0,0,0,0,0,0,0,0,3,0,0,123,374,2,0,0,0,3,0,0,0,0,0,0,0,0,0,0,0,1335,1,0,0,0,0,0,0,1,1,0,12,0,0
0,2,0,0,0,0,477,0,5,0,0,0,0,161,18,0,0,0,0,544,0,0,188,0,2,0,12,0,0,296,5,0,0,0,0,0,0,0,0,0,0,1222,1,0,10,0,1,10,0,0,9,0,0,0,0,0,1,0,0,0,0,0,0,0,0,0,0,1359,726,3979,0,0,0,0,1,0,0,4,0,0,14,0,0,0,0,0,5,0,2,0,0,0,0,0,4,2183,0,0,0,5
0,1,0,0,0,0,396,0,9,0,0,0,0,243,15,0,0,0,0,64,0,0,321,0,0,0,21,0,0,231,2,0,0,0,0,0,0,0,0,0,0,2190,0,0,0,0,3,5,0,0,6,0,0,0,0,0,0,0,0,0,0,0,0,0,0,0,0,480,1830,4761,0,0,0,2,0,0,0,6,0,0,0,0,0,0,0,0,6,0,0,0,0,0,0,0,54,6,0,3,0,0
0,0,0,0,0,0,2,0,1,0,0,0,0,168,1,0,0,0,0,5,0,0,1340,0,0,0,0,0,1,14,6,0,0,0,0,0,0,0,0,0,0,7882,0,0,697,0,1,11,296,0,2,0,0,0,0,0,1,0,0,0,0,0,0,0,0,0,0,417,104,2999,0,0,0,6,0,0,0,0,0,0,4,0,0,0,0,0,422,0,1,0,0,0,0,0,14,265,0,39,0,3
2,1,0,0,0,1,9,0,55,0,8,0,0,27,5,0,0,0,0,135,0,0,235,0,0,0,0,0,0,418,8,0,0,0,0,0,0,0,0,0,0,1200,0,0,334,0,45,17,3,0,1,1,0,0,0,0,0,0,0,2,0,0,0,0,0,0,0,583,591,2036,0,0,0,7,1,0,0,0,0,0,0,0,0,0,0,0,857,0,0,0,0,0,0,0,4,5936,0,0,0,47
0,0,0,0,0,0,3587,0,2,0,0,0,0,350,24,0,0,0,0,362,0,3,450,0,1,0,115,0,3,33,3,0,0,0,0,0,0,0,0,0,0,3255,0,0,49,0,160,39,11,0,4,0,0,0,0,0,0,0,0,0,0,0,0,0,0,0,0,1,2056,4270,0,0,0,0,4,0,0,0,0,0,2,0,0,0,0,0,0,2,0,0,0,0,0,0,20,0,0,144,0,0
0,1,0,0,0,2,26,0,19,0,0,0,0,263,0,0,0,0,0,31,0,0,829,0,0,0,0,0,0,250,2,0,0,0,0,0,0,0,0,0,0,24,0,0,266,0,0,81,0,0,2,0,121,0,1,0,0,0,0,0,0,0,0,0,0,0,0,51,474,7751,0,0,0,0,5,0,0,0,0,0,1,0,0,0,0,0,69,0,2,0,0,0,0,0,4,4709,0,0,0,0
0,16,5,0,0,0,11527,0,12,0,0,0,0,591,35,0,0,0,0,686,0,0,169,0,6,0,64,0,0,350,3,0,0,0,0,0,0,0,0,0,0,2645,3,0,18,0,76,42,0,0,2,0,0,0,0,0,0,0,0,299,0,0,0,0,0,0,0,1331,6508,2247,0,0,0,0,1,0,0,0,0,0,0,0,0,0,0,0,106,0,0,0,0,0,0,0,11,1794,0,0,0,597
2,0,2,0,0,2,41,0,40,0,4,0,0,46,23,0,0,0,0,370,0,0,284,0,0,0,11,0,0,306,4,0,0,0,0,0,0,0,0,0,3,329,0,0,1075,0,113,22,1,0,40,1,0,0,0,0,0,0,0,2,0,0,0,0,0,17,0,846,1498,3099,2,0,0,0,10,0,0,0,0,0,0,0,0,0,0,0,144,2,23,0,0,0,0,0,14,1928,0,0,0,0
0,5,0,0,0,0,27,0,8,0,1,0,0,252,3,0,0,0,0,2414,0,0,279,0,0,0,137,0,0,146,1,0,0,0,0,0,0,0,0,0,0,906,2,0,91,0,1,9,2,0,9,0,0,0,0,0,0,0,0,0,0,0,0,0,0,0,0,7,1702,2487,0,0,0,0,0,0,0,0,0,0,0,0,0,0,0,0,0,0,0,0,0,0,0,0,3,2,0,0,0,0
0,7,1,0,0,0,1463,0,5,0,0,0,0,1416,30,0,0,0,0,2151,0,0,757,0,0,0,18,0,0,75,0,0,0,0,0,0,0,1,0,0,0,1371,2,0,29,0,1,27,25,0,0,0,0,0,0,0,0,0,0,0,0,0,0,0,0,0,0,4,726,75,0,0,0,4,1,0,0,0,0,0,0,0,0,0,0,0,37,0,0,0,0,0,0,0,21,2,0,0,0,0
0,0,0,0,0,0,1258,0,26,0,0,0,0,159,25,0,0,0,0,1,0,0,1078,0,0,0,23,0,0,2684,6,0,0,0,0,0,0,0,0,0,4,249,0,0,1,0,32,27,1,0,10,0,0,0,0,0,0,0,0,0,0,0,0,0,1,0,0,1330,974,1380,0,0,0,0,1,0,0,0,0,0,0,0,0,0,0,0,0,0,0,0,0,0,0,0,1,5500,0,1,0,15
0,1,0,0,0,0,5,0,4348,0,5,0,0,102,18,0,0,0,0,41,0,3,100,0,0,0,1,0,4,302,7,0,0,0,0,0,0,0,0,0,0,1387,0,0,380,0,110,9,2,1,0,1,0,0,0,0,0,0,0,0,0,0,0,0,0,0,0,16,3603,610,0,0,0,0,0,0,0,0,0,0,0,0,0,0,0,0,32,0,4,0,0,0,0,0,1,17,0,1,0,0
0,0,0,0,0,0,9397,0,4,0,0,0,0,144,0,0,0,0,0,1215,0,0,0,0,0,0,1,0,0,473,3,0,0,0,40,0,0,8,0,0,3,8240,0,0,4,0,2,430,172,0,0,0,0,0,1,0,0,0,0,0,0,0,0,0,0,0,0,6,10,40,2,0,0,1,0,0,0,5,0,0,0,0,0,0,0,0,107,0,0,0,0,0,0,0,5,122,0,2,0,0
0,1,0,0,0,0,21,0,3,0,0,0,0,49,72,0,0,0,0,915,0,0,404,0,24,0,22,0,0,511,3,0,0,0,0,0,0,39,0,0,0,295,2,0,34,0,3,18,0,0,5,0,0,0,0,0,0,0,0,30,0,0,0,0,0,0,0,5,2015,2822,0,0,0,0,0,0,0,0,0,0,0,0,0,0,0,0,65,0,4,0,0,0,0,0,9,3880,0,0,0,180
0,2,0,0,0,0,8,0,49,0,3,0,0,30,9,0,0,0,0,0,0,0,243,0,5,0,0,0,0,200,16,0,0,0,0,0,0,1,0,0,0,240,0,0,0,0,165,9,0,0,0,0,1,0,0,1,0,0,0,1,0,0,4,0,0,0,0,577,351,1717,3,0,0,0,1,0,0,0,0,0,2,0,0,0,0,0,0,0,3,0,0,0,0,0,2,8715,0,0,0,13
0,0,0,0,0,0,4,0,4992,0,0,0,0,96,24,0,0,0,0,1,0,0,756,0,0,0,19,0,0,669,5,0,0,0,0,0,0,0,0,0,0,598,0,0,5,0,1,19,4,0,0,0,0,0,1,0,0,0,0,0,0,0,0,0,0,0,0,576,1094,719,0,0,0,0,0,0,1,0,0,0,0,0,0,0,0,0,5,2,2,0,0,0,0,0,3,7810,0,0,0,829
0,3,0,0,0,0,2014,0,16,0,154,0,0,455,473,0,0,0,0,13342,0,0,42,0,1,0,38,0,0,112,10,0,0,0,0,0,0,0,0,0,0,764,0,0,0,0,3,23,61,0,26,0,0,0,0,0,1,0,0,0,0,0,0,0,0,0,0,5,750,4738,0,0,0,0,0,0,0,0,0,0,0,4,0,0,0,0,195,0,0,0,0,0,0,0,9,3,0,1,0,0
0,2,0,0,0,0,4,0,24,4,1,0,0,20,4,0,0,0,0,55,0,0,485,0,0,0,13,0,0,329,26,0,0,0,0,0,0,14,0,0,0,581,0,1,5,0,78,20,0,0,3,2,1,0,0,0,0,0,0,0,0,0,0,0,0,0,0,1602,504,4149,0,0,0,0,0,0,0,0,0,0,1,0,0,0,0,0,57,0,0,0,0,0,0,0,3,8462,0,0,0,70
0,1,0,0,0,0,231,0,28,0,0,0,0,1824,58,0,0,0,0,615,0,0,869,0,41,0,22,0,0,20,0,0,0,0,0,0,0,0,0,0,0,404,0,0,12,0,0,18,14,0,8,0,0,0,0,0,0,0,0,30,5,0,0,0,3,3,0,7633,4239,4042,0,0,0,0,3,0,0,7,0,0,0,1,0,0,0,0,28,0,0,0,0,0,0,0,2,2334,0,0,0,0
0,2,0,0,0,0,2501,0,8,0,125,0,0,185,20,0,0,0,0,597,0,0,44,0,0,0,16,0,0,142,12,0,0,0,0,0,0,0,0,0,0,665,0,0,0,0,1,12,0,0,0,0,0,0,0,0,0,0,0,0,0,0,0,0,0,0,0,1062,520,3933,6,0,0,0,1,0,0,0,0,0,7,0,0,0,0,0,116,0,0,0,0,0,0,0,6,4562,0,0,0,1
0,2,2,0,0,0,5,0,263,0,0,14,0,3070,109,0,0,0,0,1321,0,0,69,0,4,0,80,0,0,112,48,0,0,0,0,0,0,0,0,0,0,95,0,0,1,0,146,57,2,0,0,2,0,0,0,0,0,0,0,51,0,0,0,0,0,0,0,865,7943,4516,0,0,0,0,0,0,0,0,0,0,0,0,0,0,0,0,29,0,0,0,0,0,0,0,1,158,0,0,0,287
0,2,0,0,0,0,1938,0,45,0,0,0,0,279,20,0,0,0,0,742,0,0,495,0,0,0,0,0,0,49,0,0,0,0,0,0,0,0,0,0,0,1472,0,0,219,0,67,32,722,0,191,0,0,0,0,0,1,0,0,0,0,0,0,0,0,0,0,1905,1188,524,0,0,0,0,3,0,0,0,0,0,0,0,0,0,0,0,102,0,0,0,0,0,0,1,5,2326,0,669,0,0
0,1,3,0,0,0,9,0,4,0,0,0,0,1250,39,0,0,0,0,4,0,0,651,0,0,0,34,0,0,753,0,0,0,0,0,0,0,1,0,0,0,2066,0,0,27,0,1,30,0,0,0,0,0,0,0,0,0,0,0,0,0,0,0,0,0,0,0,993,397,915,0,0,0,1,0,0,0,0,0,0,0,0,0,0,0,0,473,0,0,0,0,0,0,1,1,6,0,0,0,0
0,0,0,0,0,0,2,0,47,0,0,0,0,41,28,0,0,0,0,3,0,0,84,0,0,0,172,0,0,69,4,0,0,0,0,0,0,0,0,0,0,1048,0,0,31,0,26,114,5,0,4,0,11,0,0,0,0,0,0,0,0,0,0,0,0,0,0,1768,2079,1513,3,0,0,0,0,0,0,2,0,0,2,0,0,0,0,0,93,0,2,0,0,0,0,0,4,2955,0,0,0,0
0,1,0,0,0,0,401,0,13,0,2,0,0,69,3,0,0,0,0,5279,0,0,160,0,5,0,7,0,0,1,0,1,0,0,0,0,0,35,0,0,0,13,0,0,0,0,0,136,0,0,0,0,0,0,0,0,0,0,0,0,0,0,0,0,0,0,0,4,2964,13544,2,0,0,0,2,0,0,3,0,0,0,0,0,0,0,0,0,0,0,0,0,0,0,0,30,6,0,0,0,0
0,2,0,0,0,0,13,0,9327,0,10,0,0,76,20,0,0,0,0,254,0,0,248,3,0,0,51,0,0,31,0,0,0,0,0,0,0,0,0,0,0,118,2,0,263,0,157,10,15,0,1,0,0,0,0,0,0,0,0,0,0,0,0,0,0,0,0,511,1143,880,0,0,0,0,2,0,0,0,0,0,1,0,0,0,0,0,204,0,0,0,0,0,0,0,7,5292,0,3,0,811
0,1,1,0,0,0,5,0,6,0,0,0,0,1100,21,0,0,0,0,5,0,0,892,0,0,0,45,0,0,1060,0,0,0,0,0,0,0,3,0,6,0,3880,0,0,107,0,0,60,0,0,3,0,0,0,0,0,2,0,0,0,0,0,0,0,0,0,0,7,2379,716,0,0,0,0,0,0,0,0,0,0,0,0,0,0,0,0,114,0,0,0,0,0,0,0,4,5,0,0,0,0
0,1,0,0,0,0,0,0,10,0,2,0,0,123,16,0,0,0,0,2,0,0,7,0,0,0,26,0,0,139,0,0,0,0,0,0,0,4,0,0,0,11,0,0,0,0,0,182,3,0,0,0,0,0,0,0,0,0,0,0,0,0,0,0,0,0,0,1245,4059,5681,0,0,0,0,0,0,0,12,0,0,4,2,0,0,0,0,0,0,0,0,0,0,0,0,62,8,0,0,0,0
0,4,1,0,0,0,42,0,22,0,52,0,0,152,10,0,0,0,0,1647,0,0,363,0,0,0,17,0,0,88,15,0,0,0,0,0,0,0,0,0,0,1110,1,0,249,0,1,10,56,0,3,4,54,0,2,0,3,0,0,59,0,0,0,0,1,0,0,1817,1918,1534,3,0,0,1,5,0,0,1,0,0,1,0,0,0,0,0,156,0,10,0,0,0,0,1,15,1379,0,91,0,0
0,0,0,0,0,0,0,0,6,0,0,0,0,69,0,0,0,0,0,0,0,0,2,0,0,0,5,0,0,342,0,1,0,0,0,0,0,4,0,0,0,669,0,0,3,0,1,23,1,0,31,0,0,0,2,0,0,0,0,0,0,0,0,0,0,0,0,704,509,1401,0,0,0,0,1,0,0,1,0,0,2,0,0,0,0,0,1,2,3,0,0,0,0,0,6,2,0,0,0,1
0,1,0,0,0,0,2253,0,56,1,64,0,0,151,52,0,0,0,0,3576,0,0,6,0,3,0,83,0,1,42,39,0,0,0,0,0,0,10,0,0,0,3901,12,0,0,0,0,25,774,0,3,0,0,0,2,0,1,0,0,3,0,0,0,0,0,0,0,2331,1597,5072,2,0,0,1,1,0,0,0,0,0,0,0,0,0,0,0,34,3,0,0,0,0,0,0,16,4853,0,23,0,0
0,7,0,0,0,0,56,0,7,0,1,0,0,5792,1,0,0,0,0,20218,0,0,364,0,0,0,0,0,0,105,9,0,0,0,0,0,0,0,0,0,0,5774,19,0,1860,0,1,6,132,0,7,0,0,0,0,0,1,0,0,0,0,0,0,0,0,0,0,2,132,2379,0,0,0,0,3,0,0,0,0,0,0,0,0,0,0,0,176,0,0,0,0,0,0,1,43,6734,0,11,0,0
0,1,2,0,0,0,3,0,26,0,0,0,0,828,22,0,0,0,0,17,0,0,440,0,3,0,2,0,0,226,26,0,0,0,0,0,0,0,0,6,0,164,0,0,99,0,1,51,3,1,0,2,0,0,0,0,1,0,0,0,0,0,0,0,0,0,0,249,512,463,0,0,0,0,5,0,0,0,0,0,0,0,0,0,0,0,31,0,1,0,0,0,0,0,9,2518,0,0,0,2
0,17,1,0,0,0,2722,0,7,0,0,0,0,533,81,0,0,0,0,1611,0,0,32,0,16,0,22,0,2,81,22,0,3,0,0,0,0,3,0,0,0,1204,1,0,121,0,13,53,305,0,22,0,22,0,4,0,2,0,0,49,0,0,0,0,6,0,0,549,2516,2731,0,0,0,0,11,0,0,0,0,0,8,1,0,0,0,0,360,0,1,21,0,0,0,0,19,1576,0,58,0,1
0,0,0,0,0,0,44,0,2,0,0,4,0,245,47,0,0,0,0,38,0,0,156,0,15,0,25,0,0,661,14,0,0,0,0,0,0,0,0,0,0,771,0,0,10,0,2,147,2,0,0,0,14,0,3,0,5,0,0,0,0,0,0,0,2,0,0,873,803,4370,0,0,0,0,1,0,0,0,0,0,0,0,0,0,0,0,0,14,0,7,0,0,0,0,19,9,0,0,0,0
0,1,1,0,0,0,3518,0,13,0,0,0,0,336,66,0,0,0,0,3786,0,0,3,0,13,0,68,0,0,13,20,0,0,0,0,0,0,1,0,0,3,2832,0,0,0,0,1,22,61,1,0,0,1,0,0,0,0,0,0,66,0,0,0,0,1,0,0,1424,3559,26,0,0,0,0,0,0,0,11,0,0,0,0,0,0,0,0,31,0,0,0,0,0,0,0,12,4,0,2,0,126
0,1,0,0,0,0,2943,0,11,0,0,0,0,121,25,0,0,0,0,1273,0,0,1246,0,1,0,50,0,0,46,0,0,0,0,0,0,0,1,0,0,0,1304,2,0,4,0,1,26,17,0,1,0,0,0,0,0,0,0,0,0,0,0,0,0,0,0,0,3,1795,1158,0,0,0,0,1,0,0,7,0,0,0,0,0,0,0,0,5,1,0,0,0,0,0,0,3,3,0,0,0,0
0,0,1,0,0,0,10,0,58,0,0,0,0,92,0,0,0,0,0,240,0,0,526,0,0,0,5,0,0,163,6,0,0,1,0,0,0,6,0,0,0,1044,0,0,17,0,1,20,12,0,82,6,0,0,0,0,0,0,0,0,0,0,0,0,0,0,0,478,172,6151,0,0,0,0,2,0,0,0,0,0,0,0,0,0,0,0,0,0,0,0,0,0,0,0,1,2662,0,0,0,97
1,5,0,0,0,0,34,0,12,1,1,0,0,236,0,0,0,0,0,13306,0,0,774,0,1,0,0,0,0,92,5,0,0,0,0,0,0,11,0,1,0,8394,30,0,0,0,4,54,106,0,41,0,0,0,0,0,3,0,0,0,0,0,0,0,0,0,0,7,95,7616,0,0,0,0,43,0,0,2,0,0,1,0,0,0,0,0,31,0,31,0,0,0,0,0,8,9,0,8,0,0
0,1,0,0,0,0,735,0,3,0,0,0,0,690,12,0,0,0,0,87,0,0,418,0,0,0,32,0,0,58,5,0,0,0,0,0,0,0,0,0,0,778,0,0,208,0,97,21,8,0,0,0,0,0,0,0,0,0,0,0,0,0,0,0,0,0,0,4,1898,4745,0,0,0,0,0,0,0,0,0,0,2,0,0,0,0,0,578,0,0,0,0,0,0,1,4,32,0,0,0,0
0,3,0,0,0,0,12,0,3129,0,0,0,0,634,13,0,0,0,0,52,0,0,532,0,1,0,35,0,0,909,1,0,0,0,0,0,0,0,0,0,0,1733,0,0,1,0,0,39,0,4,5,0,25,0,5,0,0,0,0,0,0,0,0,0,0,0,8,469,1071,536,0,0,0,0,1,0,0,0,0,0,7,0,0,0,0,0,28,0,0,0,0,0,0,0,18,6830,0,1,0,0
0,1,0,0,0,0,2499,0,23,0,0,0,0,349,46,0,0,0,0,303,0,0,537,0,3,0,12,0,1,379,3,0,0,0,0,0,0,3,0,0,0,1478,0,0,57,0,1,27,0,0,9,0,0,0,0,0,0,0,0,0,0,0,0,0,0,0,0,739,853,1410,3,0,0,0,0,0,0,0,0,0,0,0,0,0,0,0,36,0,2,0,0,0,0,0,13,1485,0,0,0,1
0,5,1,0,0,0,52,0,37,0,0,0,0,1511,34,0,0,0,0,314,0,0,1014,0,1,0,6,0,0,289,21,0,0,0,0,0,0,4,0,0,0,1328,1,0,100,0,3,19,0,0,0,0,1,0,0,0,1,0,0,0,0,0,0,0,0,0,0,721,952,2859,1,0,0,0,9,0,0,0,0,0,1,0,0,0,0,0,148,0,0,0,0,0,0,2,16,3965,0,1,0,0
0,0,0,0,0,0,8,0,7161,0,0,0,0,629,0,0,0,0,0,22,0,0,0,0,0,0,0,0,0,356,3,0,0,0,0,0,0,15,0,0,0,937,0,0,1,0,2,19,0,0,105,0,0,0,0,0,0,1,0,0,0,0,0,0,0,0,0,390,3747,9419,0,0,0,0,0,0,0,0,0,0,0,4,0,0,0,0,123,0,3,0,0,0,0,0,48,29,0,0,0,1
0,2,0,0,0,0,5620,0,10,0,0,0,0,75,13,0,0,0,0,7,0,0,5,0,3,0,28,0,1,103,0,0,0,0,0,0,0,35,0,1,0,3684,0,0,0,0,2,14,175,0,145,0,0,0,0,0,0,0,0,0,0,0,0,0,0,0,0,2365,3169,2800,0,0,0,0,1,0,0,0,0,0,0,0,0,0,0,0,0,1,0,0,0,0,0,0,32,14,0,0,0,3
0,4,5,0,0,0,2,0,3415,0,1,0,0,1153,31,0,0,0,0,5,0,0,7636,0,2,0,4,0,0,257,7,0,0,0,0,0,0,0,0,0,0,1135,0,0,69,0,3,89,0,0,14,0,0,0,0,0,0,0,0,0,0,0,0,0,0,0,0,235,338,1177,0,0,0,0,7,0,0,0,0,0,0,0,0,0,0,0,6,0,0,0,0,0,0,0,2,3123,0,0,0,73
0,46,2,0,0,0,5997,287,2,0,0,1239,0,588,90,0,80,0,0,2079,0,0,1,0,7,0,68,0,0,23,1,0,0,0,0,0,0,0,0,6428,0,307,1,0,5,0,70,2,9,0,0,0,1,0,1,0,0,0,0,653,0,0,0,0,0,0,0,1156,2060,3063,0,0,0,0,0,0,0,2,0,0,0,0,0,0,0,25,104,0,3,0,0,0,0,0,6,16,0,17,0,5
0,71,0,0,0,0,134,0,44,0,0,0,2,1112,28,2,0,0,0,1,0,0,443,0,18,0,14,0,2,55,6,0,0,0,0,0,0,2,0,0,0,764,0,0,369,0,0,23,11,0,2,3,0,0,0,0,0,0,0,176,31,0,0,0,0,0,0,569,936,1344,0,0,6,0,0,0,0,0,0,0,0,0,0,0,0,0,261,0,0,0,0,0,0,0,6,1119,0,58,0,195
1,1,0,2,0,47,0,0,1,0,1,0,0,117,8,0,0,0,0,411,0,0,1415,0,0,0,9,0,35,31,4,0,0,0,0,3,0,0,0,1,0,421,2,0,1417,0,189,14,155,0,67,0,2,0,2,0,0,0,0,0,0,0,0,0,0,0,0,5,859,459,0,0,0,0,2,0,0,0,0,0,3,0,0,0,0,0,2830,0,0,0,0,0,0,2,3,3,0,313,0,0
0,3,0,0,0,0,2,0,8,0,0,0,0,399,1,0,0,0,0,207,0,0,892,0,0,0,0,0,0,1661,3,0,0,0,0,0,0,10,0,0,0,538,0,0,0,2,0,15,4,0,0,0,3,0,1,0,0,0,0,0,0,0,0,0,0,0,0,4,316,1710,0,0,0,0,0,0,0,0,0,0,2,0,0,0,0,0,1209,5,20,0,0,0,0,2,6,3253,0,0,0,0
0,3,1,0,0,0,1,0,5227,0,0,0,0,836,163,0,0,0,0,8,0,0,286,0,0,0,22,0,0,631,3,0,0,0,0,0,0,0,0,0,0,2242,0,0,116,0,122,32,0,0,5,0,0,0,0,0,1,0,0,34,0,0,0,0,1,3,0,895,1201,1733,0,0,0,0,2,0,0,0,0,0,0,0,0,0,0,0,0,0,11,0,0,0,0,0,31,2,0,0,0,0
0,17,1,0,0,4,157,0,4,0,0,0,0,863,18,0,0,0,0,954,0,0,419,0,42,0,15,0,0,42,0,0,0,0,0,0,0,0,0,0,0,2163,0,0,169,0,0,51,758,0,15,0,0,0,0,0,0,0,0,0,0,0,0,0,4,0,0,2,1682,721,0,0,0,0,9,0,0,0,0,0,0,0,0,0,0,0,557,0,1,0,0,0,0,1,17,32,0,725,0,0
0,2,0,0,0,0,3,0,4531,0,24,0,0,99,25,0,0,0,0,722,0,12,909,0,0,0,9,0,0,42,15,0,0,0,0,0,0,0,0,1,2,352,3,0,164,0,51,47,3,0,0,1,0,0,0,0,0,0,0,10,0,0,0,0,0,0,0,211,233,1408,0,0,0,0,0,0,0,1,0,0,0,0,0,0,0,0,29,0,0,0,1,0,0,0,4,1919,0,0,0,61
0,1,0,0,0,0,4742,0,10,2,0,0,0,393,0,0,0,0,0,331,0,0,0,0,0,0,3,0,0,879,2,0,0,0,0,0,0,2,0,0,0,61,0,0,0,0,0,35,0,0,45,0,0,0,1,0,0,0,0,0,0,0,0,0,0,0,0,7,318,6243,0,0,0,0,1,0,0,0,0,0,0,0,0,0,0,0,6,0,8,0,0,0,0,0,2,993,0,1,0,0
0,2,1,0,0,0,33,0,9,0,0,0,0,851,53,0,0,0,0,856,0,0,248,0,0,0,41,0,0,212,45,0,0,0,0,0,0,2,0,0,6,2260,1,0,88,0,1,17,4,0,44,0,0,0,0,0,0,0,0,12,0,0,0,0,0,0,0,674,1018,6427,0,0,0,0,4,0,0,0,0,0,0,0,0,0,0,0,29,0,0,0,0,0,0,0,6,2666,0,3,0,0
0,117,0,0,0,0,6,0,15,0,0,0,0,506,26,0,0,0,0,2469,0,0,464,0,91,0,106,0,0,46,7,0,0,0,1,0,0,2,0,0,1,1551,0,0,57,0,18,28,791,0,3,0,0,0,1,0,0,0,0,0,0,0,3,0,0,1,1,547,2666,2009,0,0,0,0,0,0,0,0,0,0,0,0,0,0,0,0,150,3,0,0,0,0,0,0,11,2536,0,154,0,36
0,4,0,0,0,0,1214,0,3,0,0,0,0,574,2,0,0,0,0,10,0,0,370,0,0,0,3,0,0,313,1,0,0,0,0,0,0,10,0,0,0,2054,0,0,0,0,1,19,0,0,4,0,0,0,0,0,0,0,0,0,0,0,0,0,0,0,0,2193,119,4144,0,0,0,0,0,0,0,0,0,0,2,0,0,0,0,0,1,0,0,0,0,0,0,0,7,12,0,1,0,1
0,4,0,0,0,6,134,0,3346,0,0,0,0,3148,15,0,0,0,0,7575,0,0,500,1,0,0,6,0,0,140,4,0,0,0,0,0,0,0,0,0,0,438,12,0,180,0,7,45,5,0,6,0,0,0,0,0,0,0,0,0,0,0,0,0,2,0,0,43,397,1772,1,0,0,0,8,0,0,10,0,0,0,0,0,0,0,0,2314,0,0,0,0,0,0,0,20,112,0,1,0,1
0,19,0,0,0,0,9000,0,32,0,0,0,0,380,88,0,0,0,0,2380,0,0,112,0,0,0,32,0,1,609,4,0,0,0,0,0,0,1,0,0,0,4026,0,0,0,0,2,129,0,0,7,0,0,0,0,0,0,0,0,0,0,0,0,0,2,0,0,8,1398,4631,0,0,0,0,2,0,0,0,0,0,0,0,0,0,0,0,37,0,0,0,0,0,0,0,47,3619,0,1,10,1
0,6,0,0,0,0,684,0,78,0,6,0,0,46,141,0,0,0,0,87,0,0,427,0,20,0,37,0,0,47,35,0,0,0,1,0,0,0,0,0,0,1131,0,0,0,0,1,80,141,0,0,0,1,0,0,0,0,0,0,61,29,0,0,0,3,0,0,360,7956,2696,0,0,0,0,2,0,0,0,0,0,0,0,0,0,0,0,73,0,3,18,0,0,0,0,22,4014,0,56,0,891
0,3,0,0,0,27,7,0,25,0,3,0,0,452,76,0,0,0,0,4353,0,1,233,0,0,0,22,0,0,201,14,0,0,0,0,0,0,0,0,0,0,1299,3,0,714,0,1,79,0,0,16,0,0,0,0,0,0,0,0,25,6,0,0,0,0,3,0,2085,2465,1643,2,0,0,0,12,0,0,0,0,0,0,0,0,0,0,0,16,0,23,0,0,0,0,0,78,4,0,1,0,399
0,1,0,0,0,0,13,0,7099,0,15,92,0,62,49,0,0,0,0,80,0,0,2678,0,0,0,21,0,0,9,1,0,0,0,1,0,0,0,0,0,0,408,0,0,271,0,79,13,198,0,9,0,0,0,0,0,0,0,0,2,0,0,0,0,2,0,0,113,1039,589,0,0,0,0,0,0,0,0,0,0,0,0,0,0,0,0,31,0,0,0,0,0,0,0,5,3250,0,42,0,717
0,1,0,0,0,4,108,0,13837,0,0,0,0,58,2,0,0,0,0,8,0,0,562,0,0,0,2,0,0,729,3,0,0,0,0,0,0,0,0,0,0,345,0,0,23,0,237,25,10,0,0,0,0,0,0,0,1,0,0,0,0,0,0,0,0,0,0,6,593,446,3,0,0,0,0,0,0,0,0,0,18,0,0,0,0,0,1,0,0,0,0,0,0,0,4,8931,0,5,0,4
0,1,0,0,0,0,2,0,5,20,0,0,0,263,0,0,0,0,0,561,0,1,1,0,0,0,0,0,41,68,7,0,0,0,0,0,0,4,0,0,0,14,0,0,114,0,12,135,14,0,87,1,0,0,0,0,3,0,0,0,0,0,0,0,0,0,0,1,147,40138,0,0,0,0,2,0,0,0,0,0,3,0,0,0,0,0,1,0,1,0,0,0,0,0,1,4,0,1,0,0
0,1,0,0,0,0,401,0,9,0,0,0,0,877,29,0,0,0,0,334,0,0,744,0,0,0,26,0,0,395,1,0,0,0,1,0,0,0,0,0,0,3937,0,0,0,0,1,13,0,0,0,0,0,0,0,0,0,0,0,0,0,0,0,0,0,0,0,506,1761,5836,0,0,0,0,2,0,0,12,0,0,0,0,0,0,0,0,83,0,2,0,0,0,0,0,3,3,0,1,0,1
0,1,0,0,0,12,2,0,47,0,0,0,0,2453,2,0,0,0,0,2070,0,0,760,0,0,0,0,0,1,1053,1,0,0,0,0,0,0,6,0,0,0,7210,0,0,844,0,343,10,5,0,7,0,0,0,0,0,0,0,0,0,0,0,0,0,0,0,0,734,303,6646,0,0,0,0,2,0,0,0,0,0,0,0,0,0,0,0,20,0,5,0,0,0,0,0,7,6727,0,1,0,1
0,9,0,0,0,0,2337,0,44,0,0,0,0,233,2,0,0,0,0,2,0,0,884,0,0,0,1,0,0,118,3,0,0,0,1,0,0,0,0,0,0,1225,0,1,2,1,1,35,0,0,0,0,0,0,2,0,0,0,0,0,0,0,0,0,0,0,0,286,1168,3915,2,0,0,0,0,0,0,0,0,0,0,0,0,0,0,0,1,0,2,0,0,0,0,0,32,9,0,1,0,475
0,1,0,0,0,0,558,0,703,0,0,0,0,96,22,0,0,0,0,74,0,0,280,0,14,0,5,0,0,10,3,0,0,0,0,0,0,0,0,0,0,272,0,0,28,0,1,3,3,0,0,1,0,0,0,0,0,0,0,0,0,0,0,0,0,0,0,642,1166,1660,0,0,0,0,2,0,0,0,0,0,0,0,0,0,0,0,36,0,3,0,0,0,0,0,2,3792,0,47,0,130
0,1,0,0,0,0,110,0,110,0,14,0,0,169,0,0,0,0,0,548,0,0,441,0,0,0,0,0,5,266,1,0,0,0,0,0,0,0,0,0,0,914,8,0,954,0,79,35,175,4,0,0,6,0,1,0,0,0,0,0,0,0,0,0,0,0,0,64,165,588,0,0,0,0,8,0,0,0,0,0,2,0,0,0,0,0,5,0,4,0,0,0,0,0,2,1240,0,1,0,1
0,1,0,0,0,0,5,0,9,1,0,0,0,732,0,0,0,0,0,1314,0,0,719,0,0,0,0,0,0,0,1,0,0,0,0,0,0,2,0,0,0,2193,0,0,44,0,1,6,64,0,0,0,0,0,0,0,0,0,0,0,0,0,0,0,0,0,0,6,50,4474,0,2,0,0,0,0,0,3,0,0,0,0,0,0,0,0,628,0,0,0,0,0,0,0,1,3,0,1,0,1
0,1,0,0,0,0,98,0,16,0,0,0,0,333,0,0,0,0,0,4,0,0,775,0,0,0,0,0,0,167,4,0,0,0,0,0,0,1,0,0,0,2148,0,0,11,0,1,8,0,0,0,0,0,0,0,0,0,0,0,0,0,0,0,0,0,0,0,2,243,4469,2,0,0,0,0,0,0,0,0,0,0,0,0,0,0,0,78,0,7,0,0,0,0,0,2,9408,0,1,0,0
0,1,0,0,0,0,437,0,38,0,0,0,0,811,26,0,0,0,0,5,0,1,110,0,4,0,1,0,0,769,3,0,0,0,0,0,0,0,0,0,11,5157,0,0,0,0,1,36,0,0,2,0,0,0,0,0,0,0,0,0,0,0,0,0,0,0,0,2570,826,6817,0,0,0,0,0,0,0,0,0,0,0,0,0,0,0,0,114,0,0,0,0,0,0,0,4,10,0,1,0,0
2,2,0,0,2,0,270,0,7,0,0,0,0,1603,41,0,0,0,0,112,0,0,164,0,0,0,88,0,0,896,2,0,0,0,0,0,0,9,0,0,0,2018,0,0,36,0,1,36,52,3,12,0,0,0,0,0,0,0,0,0,0,0,0,0,0,0,0,2,2846,1068,3,0,0,3,2,0,0,0,0,0,0,0,0,0,0,0,6,4,30,0,0,0,0,0,35,4217,0,1,0,0
0,1,0,0,0,0,58,0,4,0,0,0,0,786,11,0,0,0,0,26274,0,1,229,0,0,0,7,0,0,25,4,0,0,0,0,0,0,10,0,0,0,11536,13,0,0,0,1,19,4,0,0,0,23,0,1,0,0,0,0,0,0,0,0,0,0,0,0,84,430,1234,0,0,0,0,6,0,0,0,0,0,0,0,0,0,0,0,408,0,0,0,0,0,0,2,4,6156,0,1,0,0
0,4,0,2,0,0,21,0,13,0,0,0,0,368,19,0,0,0,0,2590,0,0,224,0,4,0,3,0,0,365,8,0,0,0,0,0,0,41,0,0,1,120,0,0,189,0,94,8,0,0,53,0,0,0,0,0,0,0,0,2,0,0,0,0,0,0,0,1048,949,1210,0,0,0,0,22,0,0,0,0,0,10,0,0,0,0,0,16,0,29,0,0,0,0,0,6,3,0,1,0,1
0,1,0,0,0,0,4,0,6,0,4,0,0,528,0,0,0,0,0,1658,0,1,5,0,0,0,0,0,0,13,4,0,0,0,0,0,0,0,0,0,1,631,3,0,172,0,1,17,6,0,14,0,0,0,0,0,0,0,0,0,0,0,0,0,0,0,0,177,53,2197,2,0,0,0,7,0,0,0,0,0,0,0,0,0,0,0,137,0,0,0,0,0,0,0,1,1,0,1,0,0
0,1,0,0,0,0,2889,0,5,0,0,0,0,4542,1,0,0,0,0,1335,0,0,58,0,0,0,22,0,0,2719,1,0,0,0,1,0,0,65,0,0,0,19,0,0,866,0,1,71,0,0,68,0,0,0,0,0,2,0,0,0,0,5,0,0,0,0,0,4,1162,8328,0,0,0,0,2,0,0,0,0,0,0,0,0,0,0,0,7,0,3,0,0,0,0,0,2,82,0,1,0,1
0,1,0,0,0,0,7196,0,19,0,0,0,0,582,8,0,0,0,0,103,0,0,384,0,7,0,63,0,0,201,9,0,0,0,0,0,0,3,0,0,0,2272,0,0,89,0,111,46,11,0,15,0,0,0,0,0,0,0,0,22,0,0,0,0,0,0,0,530,903,3568,0,0,0,0,0,0,0,0,0,0,2,0,0,0,0,0,12,0,1,0,0,0,0,0,16,2816,0,29,0,410
2,1,0,0,0,0,4,0,21,0,0,0,0,336,44,0,0,0,0,967,0,0,280,0,0,0,8,0,4,124,33,0,0,0,0,0,0,3,0,0,0,1092,4,0,8,0,2,40,81,0,34,0,29,0,1,0,0,0,0,0,0,0,0,0,0,0,0,3,2110,1225,2,0,0,0,2,0,0,0,0,0,0,0,0,0,0,0,120,4,0,0,0,0,0,0,14,1988,0,1,0,1
0,1,0,0,0,0,4,0,23,0,0,0,0,584,21,0,0,0,0,0,0,0,652,0,0,0,41,0,0,292,1,0,0,0,0,0,0,4,0,0,0,2014,0,0,8,0,1,31,0,0,19,0,0,0,0,0,0,0,0,0,0,0,0,0,1,0,0,328,1269,3814,0,0,0,0,0,0,0,0,0,0,0,0,0,0,0,0,37,0,0,0,0,0,0,0,9,1,0,1,0,1
0,6,0,0,0,0,3,0,7,0,37,0,0,2502,0,0,0,0,0,123,0,0,748,0,14,0,0,0,0,428,1,0,0,0,0,0,0,20,0,0,0,1038,0,0,59,0,1,17,7,0,11,0,0,0,0,0,0,0,0,0,0,0,0,0,3,0,0,1023,754,737,0,0,0,0,0,0,0,0,0,0,0,0,0,0,0,0,110,0,0,0,0,0,0,0,2,4755,0,1,0,1
0,1,0,0,0,0,16,0,13,0,0,0,0,80,4,0,0,0,0,2918,0,0,140,0,0,0,8,0,0,109,6,0,0,0,0,0,0,0,0,0,0,4968,0,0,0,0,101,9,0,0,0,0,0,0,0,0,0,0,0,0,0,0,0,0,0,0,0,2,3412,8366,0,0,0,0,0,0,0,0,0,0,0,0,0,0,0,0,1,0,0,0,0,0,0,0,5,2286,0,1,0,1
0,1,0,0,0,0,2687,0,5,0,0,0,0,258,0,0,0,0,0,10,0,0,226,0,0,0,8,0,0,184,18,0,0,0,1,0,0,2,0,0,6,6246,0,0,0,0,1,13,238,0,0,0,0,0,0,0,0,0,0,0,0,0,0,0,0,0,0,0,1454,43,0,0,0,0,0,0,0,0,0,0,0,0,0,0,0,0,45,0,0,0,0,0,0,0,15,6,0,11,0,1
0,3,0,0,0,0,1438,0,23,0,0,0,0,160,105,0,0,0,0,164,0,0,526,0,54,0,50,0,0,32,2,0,0,0,0,0,0,0,0,46,0,586,0,0,244,0,1,22,112,0,0,0,2,0,1,0,0,0,0,5,0,0,0,0,11,0,0,1060,367,2908,0,0,0,0,0,0,0,0,0,0,0,0,0,0,0,0,82,0,0,0,0,0,0,0,20,18,0,100,0,114
0,1,0,0,0,0,193,0,7,0,0,0,0,143,26,0,0,0,0,15,0,0,493,0,1,0,21,0,0,222,1,0,0,0,0,0,0,0,0,0,0,91,0,0,2,0,1,13,0,0,23,2,0,0,0,0,0,0,0,0,0,0,0,0,0,0,0,1598,3415,2738,0,0,0,0,0,0,0,0,0,0,19,0,0,0,0,0,4,0,5,0,0,0,0,0,12,3,0,2,0,1
0,1,0,0,0,0,2284,0,90,0,0,0,0,1246,5,0,0,0,0,5734,0,1,135,0,0,0,57,0,0,97,2,0,0,0,0,0,0,0,0,0,0,804,16,0,16,0,11,27,2,0,4,0,0,0,0,0,0,0,0,0,0,0,0,0,0,0,0,806,819,1069,0,0,0,0,0,0,0,0,0,0,5,0,0,0,0,0,36,0,0,0,0,0,0,0,1,5089,0,1,0,71
0,16,0,0,0,0,108,0,20,0,48,0,0,157,78,0,0,0,0,1922,0,0,80,0,5,0,30,0,0,98,4,0,0,0,0,0,0,2,0,0,0,588,0,0,3,0,1,6,25,0,2,0,0,0,0,0,0,0,0,120,0,0,0,0,0,0,0,1974,3979,1879,0,0,1,0,0,0,0,0,0,0,0,0,0,0,0,0,18,0,0,0,0,0,0,0,5,1944,0,15,0,73
0,1,0,0,0,0,590,0,216,0,0,0,0,98,29,0,0,0,0,1272,0,0,528,0,0,0,17,0,0,246,7,0,0,0,0,0,0,0,0,0,0,920,3,0,78,0,1,21,0,0,0,2,0,0,0,0,0,0,0,29,0,0,0,0,0,0,0,234,1260,1497,0,0,0,0,2,0,0,0,0,0,0,0,0,0,0,0,175,0,0,0,0,0,0,0,7,5264,0,1,0,0
0,1,0,0,0,0,7468,0,4,0,0,0,0,100,66,0,0,0,0,8,0,0,0,0,3,0,54,0,1,421,40,0,0,0,0,0,0,0,0,0,0,304,0,0,0,0,2,20,9,0,0,0,0,0,0,0,0,0,0,0,0,0,0,0,0,0,0,331,2516,6172,0,0,0,0,0,0,0,0,0,0,0,0,0,0,0,0,320,0,1,0,0,0,0,0,15,28,0,1,0,1
0,6,0,0,0,0,6625,0,14,0,43,0,0,260,21,0,0,0,0,2776,0,0,9,0,42,0,58,0,6,33,15,0,0,0,0,0,0,1,0,0,2,168,0,0,34,0,2,11,2,0,11,18,12,0,1,0,5,0,0,65,0,0,0,0,5,0,0,1934,8378,4448,4,0,0,1,23,0,0,8,0,0,0,0,0,0,0,0,86,0,14,0,0,0,0,0,15,151,0,1,0,516
0,1,0,0,0,6,2,0,43,0,0,0,0,21,10,0,0,0,0,10056,0,0,535,0,0,0,0,0,0,653,0,0,0,0,0,0,0,12,0,0,0,3345,14,0,2249,0,8,73,8,0,4,0,0,0,0,0,0,0,0,0,0,0,0,0,0,0,0,1554,1279,8836,0,0,0,0,0,0,0,0,0,0,0,0,0,0,0,0,152,0,15,0,0,0,0,0,21,12,0,1,0,0
2,1,0,0,0,0,711,0,272,0,5,0,0,24,27,0,0,0,0,1318,0,1,16,0,0,0,1,0,0,17,10,0,0,0,0,0,0,12,0,0,0,282,0,0,29,0,86,23,168,0,4,1,0,0,0,0,0,0,0,34,0,0,0,0,0,0,0,269,1590,848,2,0,0,0,0,0,0,3,0,0,62,0,0,0,0,0,31,0,3,0,0,0,0,0,4,782,0,130,0,0
2,27,0,0,0,0,806,0,7,0,0,0,0,1110,75,0,0,0,0,75,0,0,1,0,7,0,24,0,0,311,3,0,0,0,0,0,0,0,0,0,0,1024,0,0,3,0,94,45,5,0,14,0,0,0,0,0,0,0,0,29,0,0,0,0,0,0,0,272,1734,4378,0,0,0,0,2,0,0,0,0,0,0,0,0,0,0,0,38,0,0,0,0,0,0,0,5,3386,0,1,0,257
0,4,0,0,0,0,0,0,12582,0,0,0,0,430,45,0,0,0,0,128,0,5,231,0,1,0,15,0,0,10,4,0,0,0,0,0,0,0,0,0,0,2826,0,0,20,0,84,116,114,0,6,2,0,0,0,0,0,0,0,8,0,0,0,0,0,0,0,38,1141,305,0,0,0,0,2,0,0,0,0,0,0,0,0,0,0,0,334,0,0,0,0,0,0,0,19,90,0,128,0,48
0,1,0,0,0,0,5,0,5,0,5,0,0,51,21,0,0,0,0,2128,0,0,268,0,0,0,18,0,0,21,7,0,0,0,1,0,0,0,0,0,0,737,3,0,520,0,67,4,726,0,23,2,0,0,0,0,0,0,0,0,0,0,0,0,0,0,0,984,720,2827,0,0,0,0,12,0,0,0,0,0,0,0,0,0,0,0,72,0,3,0,0,0,0,0,7,35,0,174,0,191
0,2,0,0,0,0,836,0,22,0,183,0,0,266,15,0,0,0,0,3294,0,0,429,0,0,0,32,0,0,32,29,0,0,0,0,0,0,0,0,0,0,4984,0,0,79,0,8,78,4,0,48,0,32,0,0,0,0,0,0,0,0,0,0,0,0,0,0,2285,2055,28,0,0,0,0,10,0,0,3,0,0,0,0,0,0,0,0,117,0,0,0,0,0,0,0,2,453,0,1,0,0
0,14,0,0,0,0,12695,0,8,0,0,0,0,3907,246,0,0,0,0,6,0,0,140,0,23,0,190,0,0,491,4,0,0,0,0,0,0,24,0,0,53,39,24,0,5,0,1,168,0,0,0,0,0,0,0,0,0,0,0,0,0,0,10,0,2,0,0,1576,1232,7297,0,0,0,1,2,0,0,15,0,0,0,0,0,0,0,0,5,0,0,0,0,0,0,0,116,70,1,1,0,1
0,3,0,0,0,0,174,0,44,0,19,0,0,1029,35,0,0,0,0,1349,11,0,574,0,5,0,98,0,0,17,2,0,0,0,0,0,0,2,0,0,9,1622,3,0,162,0,138,8,703,0,12,0,0,0,0,0,0,0,0,6,0,0,0,0,0,0,0,682,7082,925,0,0,0,0,0,0,0,0,0,0,2,0,0,0,0,0,235,0,0,0,0,0,0,0,8,2085,0,147,0,78
0,1,0,0,0,0,9,0,3447,0,47,0,0,411,0,0,0,0,0,182,0,0,28,0,0,0,44,0,0,21,4,0,0,0,0,0,0,4,0,0,0,4669,0,0,0,0,108,17,23,0,17,0,0,0,0,0,0,0,0,62,0,0,0,0,0,0,0,260,2693,4370,0,0,0,0,2,0,0,17,0,0,0,0,0,0,0,0,31,0,0,0,0,0,0,0,23,7,0,1,0,0
0,4,0,0,0,9,541,0,13,0,0,0,0,92,10,0,0,0,0,535,0,0,469,0,0,0,2,0,0,83,1,0,0,0,0,0,0,9,0,0,0,941,0,0,56,0,1,38,0,0,0,0,0,0,0,0,0,0,0,0,0,0,0,0,0,1,0,1404,1294,1151,0,0,0,0,0,0,0,7,0,0,0,0,0,0,0,0,27,0,2,0,0,0,0,0,4,68,0,1,0,78
0,3,0,0,0,0,5,0,30,0,0,0,0,298,0,0,0,0,0,32,0,0,446,0,0,0,0,0,0,170,13,0,0,0,0,0,0,0,0,0,0,716,0,0,146,0,390,15,0,0,0,0,0,0,0,0,0,0,0,0,0,0,0,0,0,0,0,6,252,514,1,0,0,0,0,0,0,0,0,0,0,0,0,0,0,0,16,0,3,0,0,0,0,0,11,17431,0,1,0,1
0,1,3,0,0,0,317,0,31,0,7,0,0,81,35,0,0,0,0,1819,0,0,210,0,44,0,23,0,41,92,14,0,0,0,0,0,0,33,0,34,0,1271,7,0,5,0,12,56,0,0,3,6,0,0,1,0,0,0,0,936,0,0,0,0,0,0,0,1002,4416,2775,4,0,4,0,0,0,0,0,0,0,2,0,0,0,0,0,1,0,0,0,0,0,0,0,8,1862,0,126,0,1
0,5,0,0,0,0,381,0,601,0,2,0,0,100,32,0,0,0,0,83,0,0,283,0,18,0,32,0,0,152,1,0,0,0,0,0,0,0,0,0,0,614,1,0,29,0,1,29,0,0,0,1,15,0,3,0,0,0,0,43,0,0,0,0,0,0,0,159,7584,1604,0,0,0,0,2,0,0,0,0,0,4,0,0,0,0,0,1,10,0,26,0,0,0,0,12,926,0,1,0,0
0,16,0,0,0,0,886,0,4,0,0,0,0,101,39,0,0,0,0,163,0,0,454,0,0,0,55,0,0,238,1,0,0,0,0,0,0,3,0,0,0,473,0,0,149,0,1,33,0,0,0,0,50,0,3,0,0,0,0,0,0,0,0,0,0,0,0,502,3285,2506,0,0,0,0,2,0,0,0,0,0,2,0,0,0,0,0,46,0,5,0,0,0,0,0,17,4800,0,1,0,0
0,1,0,0,0,0,83,0,101,0,0,0,0,265,9,0,0,0,0,9,0,0,110,0,0,0,8,0,0,183,1,0,0,0,0,0,0,0,0,0,0,219,0,0,139,0,1,8,3,0,28,0,0,0,0,0,0,0,0,0,0,0,0,0,0,0,0,4,1871,3991,0,0,0,0,0,0,0,0,0,0,4,0,0,0,0,0,112,0,1,0,0,0,0,0,2,8,0,1,0,45
0,1,3,0,0,0,319,1,2005,0,38,0,0,37,65,0,0,0,0,40,0,0,239,0,5,0,102,0,0,126,11,0,0,0,1,0,0,0,0,295,0,209,0,0,0,0,55,144,3,0,0,5,0,0,0,0,0,0,0,82,0,0,0,0,0,0,0,75,2962,860,0,0,0,0,0,1,0,0,0,0,0,0,0,0,0,0,1,0,0,0,18,0,0,0,23,1173,0,1,0,114
0,1,0,0,0,0,372,0,23,0,0,0,0,506,2,0,0,0,0,9180,0,0,2,0,0,1,0,0,0,245,1,0,0,0,1,0,0,11,0,0,0,498,3,0,15,0,1,12,0,0,104,0,88,10,6,0,0,0,0,0,0,0,0,0,0,0,1,195,488,11072,0,0,0,0,0,0,0,0,0,0,0,0,0,0,0,0,563,0,0,9,0,0,0,0,5,73,0,1,0,14
0,4,0,0,0,0,1264,0,10,0,0,0,0,228,42,0,0,0,0,1009,0,0,5387,0,3,0,29,0,1,561,9,0,0,0,0,0,0,0,0,0,0,5430,0,0,9,0,2,79,0,0,49,0,0,0,0,0,0,0,0,43,0,0,0,0,1,0,5,531,2688,2235,0,0,0,0,0,0,0,0,0,0,0,0,0,0,0,0,169,0,0,0,0,0,0,0,17,5265,0,1,0,256
0,1,0,0,0,0,160,0,3,0,104,0,0,796,56,0,0,0,0,306,0,0,17,0,0,0,40,0,0,131,40,15,0,0,0,0,0,1,0,0,0,851,0,0,2,0,1,11,0,0,7,0,12,0,7,0,0,0,0,0,0,0,0,0,0,0,0,1239,1468,3027,0,0,0,1,0,0,0,0,0,0,0,0,0,0,0,0,1,8,0,0,0,0,0,0,56,1495,0,1,0,1
0,1,0,0,0,0,275,0,4,0,0,0,0,320,0,0,0,0,0,4043,0,0,1,0,0,0,0,0,0,81,1,0,0,0,0,0,0,0,0,0,2,1734,0,0,20,0,1,15,3,0,5,0,0,0,0,0,0,0,0,0,0,0,0,0,0,0,0,196,915,24,0,0,0,0,0,0,0,0,0,0,0,0,0,0,0,0,625,0,0,0,0,0,0,0,7,2905,0,1,0,1
0,1,0,0,0,0,2,0,4,0,0,0,0,434,6,0,0,0,0,442,0,0,0,0,0,0,0,0,0,305,1,0,0,0,0,0,0,1,0,0,0,397,0,0,53,0,11,22,0,0,3,0,5,0,0,0,0,0,0,0,0,0,0,0,0,0,0,803,293,757,0,0,0,0,4,0,0,0,0,0,0,0,0,0,0,0,72,0,0,0,0,0,0,0,3,4084,0,1,0,1
0,1,0,0,0,0,3,0,10,0,2,0,0,1266,0,0,0,0,0,462,0,0,364,0,0,0,0,0,0,225,1,0,0,0,0,0,0,5,0,0,0,973,0,0,2019,0,1,16,0,0,90,0,0,0,0,0,2,0,0,0,0,0,0,0,0,0,0,3,140,2188,4,0,0,0,10,0,0,0,0,0,0,0,0,0,0,0,414,0,3,0,0,0,0,0,2,8644,0,1,0,1
0,2,0,0,0,0,2,0,6,0,0,0,0,189,23,0,0,0,0,3,0,0,309,0,16,0,14,0,0,860,1,0,0,0,0,0,0,4,0,0,0,5613,0,0,0,0,1,15,0,0,21,0,0,0,0,0,0,0,0,0,0,0,0,0,0,0,0,2579,926,2777,0,0,0,0,0,0,0,0,0,0,14,0,0,0,0,0,1,0,0,0,0,0,0,0,6,13,0,1,0,0
0,1,0,0,0,0,131,0,3,0,0,0,0,37,0,0,0,0,0,2332,0,0,515,0,0,0,0,0,0,7,8,0,0,0,0,0,0,12,0,0,2,29,10,0,1982,0,1,39,505,0,3,0,0,0,2,0,7,1,0,0,0,0,0,0,0,0,0,13,280,3695,0,0,0,0,25,0,0,0,0,0,2,0,0,0,0,0,163,0,3,0,0,0,0,0,2,24,0,1,0,1
0,1,0,0,0,0,1,0,1692,0,0,0,0,77,4,0,0,0,0,10,0,0,96,0,0,0,20,0,0,61,1,0,0,0,0,0,0,0,0,0,0,698,0,0,0,0,1,11,0,0,0,0,10,0,0,0,0,0,0,0,0,0,0,0,0,0,0,1320,461,3168,3,0,0,0,0,0,0,0,0,0,0,0,0,0,0,0,1,0,6,0,0,0,0,0,2,1278,0,1,0,1
0,1,3,0,0,0,2147,0,5,0,0,0,0,69,21,0,0,0,0,0,0,0,0,0,0,0,18,0,0,138,1,0,0,0,1,0,0,0,0,0,0,426,0,0,62,0,1,22,0,0,24,0,0,0,0,0,0,0,0,0,0,0,0,0,0,0,0,1424,695,3586,0,0,0,0,0,0,0,0,0,0,0,0,0,0,0,0,6,0,0,0,0,0,0,0,3,1,0,1,0,0
0,5,3,0,0,0,1533,0,4,0,0,0,0,120,48,0,0,0,0,6,0,0,579,0,12,0,15,0,0,365,21,0,0,0,0,0,0,0,0,0,1,1684,0,0,2,0,1,71,0,0,0,0,0,0,0,0,0,0,0,65,0,0,0,0,0,0,0,853,3947,1820,0,0,4,0,0,0,0,0,0,0,0,0,0,0,0,0,38,0,2,0,0,0,0,0,10,2614,0,1,0,0
0,1,0,0,0,0,922,0,5,0,0,0,0,327,71,0,0,0,0,7951,0,0,274,0,39,0,62,0,0,78,4,0,0,0,1,0,0,4,0,11,0,6777,13,0,36,0,215,24,5,0,118,0,0,0,0,0,0,0,0,408,0,0,0,0,0,0,0,1143,3880,5436,0,0,3,0,2,0,0,0,0,0,0,0,0,0,0,0,785,0,0,0,0,0,0,0,34,1104,0,12,0,1
0,1,0,0,0,0,4,0,12,0,0,0,0,650,18,0,0,0,0,2282,0,1,256,0,7,0,26,0,0,129,7,0,0,0,0,0,0,8,0,0,0,416,0,0,9,0,164,12,520,0,0,0,0,0,0,0,0,0,0,0,0,0,0,0,0,0,0,864,656,3525,0,0,0,0,0,0,0,4,0,0,0,0,0,0,0,0,189,0,0,0,0,0,0,0,12,4,0,1,0,0
0,1,2,0,0,0,8888,0,6,0,0,0,0,69,15,0,0,0,0,1108,0,0,71,0,0,0,47,0,0,48,1,0,0,0,0,0,0,0,0,0,0,1304,0,0,41,0,1,11,0,0,0,2,0,0,0,0,0,0,0,72,0,0,0,0,0,0,0,1486,7868,2678,0,0,0,0,0,0,0,0,0,0,0,11,0,0,0,0,1,0,2,0,0,0,0,0,7,149,0,1,0,1
0,3,3,0,0,0,207,0,9,0,0,0,0,112,30,0,0,0,0,1,0,0,714,0,3,0,5,0,0,263,5,0,0,0,0,0,0,0,0,0,1,8003,0,0,75,0,1,8,0,0,3,0,0,0,0,0,0,0,0,0,0,0,0,0,0,0,0,704,822,1213,6,0,0,0,2,0,0,0,0,0,29,0,0,0,0,0,1,3,0,0,0,0,0,0,45,14,0,1,0,1
0,4,0,0,0,0,2,0,5,0,0,0,0,2120,12,0,0,0,0,19,0,0,462,0,0,0,15,0,0,678,1,0,0,0,1,0,0,0,0,0,0,1991,0,0,0,0,1,15,0,0,0,0,0,0,0,0,0,0,0,2,0,0,0,0,0,0,0,624,252,2925,0,0,0,0,0,0,0,0,0,0,0,0,0,0,0,0,21,0,0,0,0,0,0,0,5,14,0,1,0,1
0,7,0,0,0,0,29,0,22,0,109,0,0,1488,23,0,0,0,0,6777,0,0,559,0,17,0,65,0,0,233,9,0,0,0,0,0,0,2,0,0,0,700,6,0,2,0,152,58,15,0,10,8,1,0,1,0,1,0,0,1,0,0,0,0,1,0,0,590,2563,3230,0,0,0,0,2,0,0,0,0,0,0,0,0,0,0,0,36,3,6,0,1,0,0,0,1,5194,0,1,0,0
0,73,0,0,0,0,2048,0,8,0,0,0,0,2091,59,0,0,0,0,17,0,1,359,0,6,0,72,0,1,1120,1,0,0,0,0,0,0,5,0,0,0,3035,0,0,50,0,19,33,4,0,96,0,2,0,0,0,0,0,0,0,0,0,0,0,0,0,0,2073,3138,11808,0,0,0,0,0,0,0,0,0,0,0,0,0,0,0,0,750,0,0,0,0,0,0,0,22,11,0,1,0,0
0,1,0,0,0,0,1909,0,20,0,0,0,0,296,45,0,0,0,0,269,0,0,12,0,0,0,14,0,0,699,1,0,0,0,0,0,0,3,0,0,0,2769,0,0,52,0,28,6,44,0,0,0,0,0,0,0,0,0,0,0,0,0,0,0,0,0,0,461,996,3100,0,0,0,0,4,0,0,0,0,0,0,0,0,0,0,0,199,0,4,0,1,0,0,0,8,908,0,1,0,1
0,1,0,0,0,0,35,0,4,0,0,0,0,127,17,0,0,0,0,2270,0,0,332,0,0,0,1,0,0,124,3,0,0,0,0,0,0,1,0,0,0,2570,0,0,10,0,14,21,93,0,12,0,0,0,0,0,0,0,0,0,0,0,0,0,0,0,0,3,727,29,0,0,0,0,0,0,0,0,0,0,0,0,0,0,0,0,1738,0,0,0,0,0,0,0,2,4527,0,11,0,1
0,7,0,0,0,0,6133,0,395,0,0,0,0,395,68,0,0,0,0,1008,0,0,85,0,3,0,146,0,0,100,7,0,0,0,0,0,0,80,0,0,0,44,0,0,29,0,1,149,35,0,5,0,0,0,0,0,0,0,0,3,0,0,0,0,0,2,0,9462,934,6522,0,0,0,0,2,0,0,0,0,0,0,2,0,0,0,0,30,4,0,0,0,0,0,0,16,3515,0,1,0,24
0,4,0,0,0,0,31,0,3,0,0,0,0,190,9,0,0,0,0,14,0,0,1543,0,0,0,11,0,0,581,1,0,0,0,0,0,0,1,0,0,0,3701,0,0,326,0,1,10,12,0,196,0,0,0,0,0,0,0,0,0,0,0,0,0,0,1,0,569,415,6778,0,0,0,0,2,0,0,0,0,0,2,0,0,0,0,0,372,0,0,0,0,0,0,0,8,263,0,1,0,1
0,1,0,0,0,0,0,0,802,3,2,0,0,498,16,0,0,0,0,22219,0,0,41,0,0,0,18,0,0,112,7,0,0,0,0,0,0,4,0,0,2,1250,14,0,0,0,12,15,86,0,3,0,1,0,0,1,1,0,0,0,0,0,0,0,0,0,0,0,2032,2381,3,0,0,7,6,0,0,166,0,0,0,0,0,0,0,0,625,0,0,0,0,0,0,0,29,3,5,36,0,0
0,1,0,0,0,0,6,0,4,0,0,0,0,264,2,0,0,0,0,2335,0,0,0,0,0,0,0,0,1,192,1,0,0,0,0,0,0,39,0,0,0,1356,0,0,20,0,2,33,119,0,5,0,0,0,0,0,2,0,0,0,0,0,0,0,0,0,0,4,136,98,5,0,0,0,0,0,0,0,0,0,0,0,0,0,0,0,1597,0,5,0,0,0,0,0,5,22828,0,1,0,0
2,1,0,0,0,0,3,0,4424,0,2,0,0,517,4,0,0,0,0,1910,0,0,622,0,0,0,0,0,0,535,19,0,0,0,0,0,0,0,0,0,0,1459,2,0,719,0,1,85,3,0,35,0,2,0,0,0,0,0,0,0,0,0,0,0,0,0,0,366,830,2757,0,0,0,0,6,0,0,0,0,0,0,0,0,0,0,0,33,0,0,0,0,0,0,0,13,8164,0,1,0,1
3,4,0,0,0,0,2,0,9,0,0,0,0,640,6,0,0,0,0,2,0,0,1106,0,0,0,0,0,0,435,1,0,0,0,0,0,0,27,0,0,0,9234,0,0,7,0,1,9,6,0,0,0,0,0,1,0,0,0,0,0,0,0,0,0,0,0,0,1340,385,28,0,0,0,0,0,0,0,38,0,0,0,0,0,0,0,0,1,0,0,0,0,0,0,0,13,1,0,1,0,1
0,5,0,0,0,0,9930,0,7,0,0,0,0,38,77,0,0,0,0,30,0,0,14,0,0,0,59,0,0,52,1,0,0,0,0,0,0,5,0,0,0,167,0,0,42,0,55,60,78,0,0,0,0,0,0,0,0,0,0,0,0,0,0,0,0,0,0,5,198,6978,0,0,0,0,0,0,0,0,0,0,0,0,0,0,0,0,22,0,0,0,0,0,0,0,20,100,0,1,0,0
0,2,0,0,0,0,7,0,9,0,0,0,0,242,6,0,0,0,0,18184,0,0,33,0,0,0,27,0,0,130,34,0,0,0,0,0,0,11,0,0,0,66,5,0,45,0,1,5,0,0,28,0,0,0,0,0,0,0,0,0,0,0,0,0,0,0,0,450,2216,1112,0,0,0,0,5,0,0,0,0,0,4,0,0,0,0,0,1,0,0,0,0,0,0,0,35,339,0,1,0,151
0,1,0,0,0,0,1,0,3,0,0,0,0,1793,0,0,0,0,0,1548,0,0,1,0,0,0,3,0,0,218,1,0,0,0,0,0,0,0,0,0,0,4624,0,0,2,0,1,32,17,0,116,0,0,0,0,0,0,0,0,0,0,0,0,0,0,0,0,348,78,27,3,0,0,0,0,0,0,0,0,0,0,0,0,0,0,0,1,0,0,0,0,0,0,0,4,726,0,1,0,1
0,1,0,0,0,0,6,0,5,1,0,0,0,22,0,0,0,0,0,1478,0,0,770,0,0,0,0,2,0,93,3,0,0,0,1,0,0,4,0,0,0,1224,3,0,2240,0,97,48,0,0,0,0,0,0,0,0,3,0,0,0,0,0,0,0,0,3,0,315,523,2371,0,0,0,0,14,0,0,0,0,0,0,0,0,0,0,0,7,0,0,0,0,0,0,0,11,998,0,1,0,1
0,1,3,0,0,0,2,0,6,0,0,0,0,788,6,0,0,0,0,2261,0,0,134,0,0,0,8,0,0,200,2,0,0,0,0,0,0,21,0,0,0,429,5,0,0,0,1,17,142,0,15,0,0,0,0,0,0,0,0,17,0,0,0,0,0,0,0,198,762,471,0,0,0,0,0,0,0,0,0,0,0,0,0,0,0,0,1,0,2,0,0,0,0,0,4,1067,0,1,0,0
2,1,0,0,0,16,4,0,97,0,12,0,0,1533,2,0,0,0,0,878,0,1,38,0,0,0,1,0,6,35,1,0,0,0,0,0,0,0,0,0,0,64,4,0,193,0,1,17,111,0,0,1,0,0,1,0,3,0,0,9,0,0,0,0,0,0,0,4090,772,283,0,0,0,0,2,0,0,0,0,0,0,0,0,0,0,0,1,0,20,0,0,0,0,0,11,2875,0,1,0,38
0,1,0,0,0,0,1758,0,90,0,0,0,0,236,13,0,0,0,0,619,0,0,178,0,0,0,1,0,0,99,1,0,0,0,0,0,0,0,0,0,0,500,3,0,2,0,1,36,392,0,0,0,0,0,0,0,0,0,0,0,0,0,0,0,0,0,0,5,577,1139,0,0,0,0,0,0,0,0,0,0,0,0,0,0,0,0,29,0,2,0,0,0,0,0,10,592,0,1,0,45
2,1,0,0,0,0,2,0,3,0,42,0,0,550,10,0,0,0,0,2352,0,1,141,0,6,0,21,0,0,84,3,0,0,0,0,0,0,0,0,0,0,880,3,0,261,0,18,25,388,0,0,0,0,0,0,0,1,0,0,0,0,0,0,0,0,0,0,2,1085,516,0,0,0,0,4,0,0,0,0,0,0,0,0,0,0,0,13,3,6,0,0,0,0,0,6,2036,0,1,0,0
0,2,0,0,0,0,2159,0,4,0,6,0,0,1041,0,0,0,0,0,1624,0,1,24,0,3,0,0,0,0,27,1,0,0,0,0,0,0,0,0,0,0,53,0,0,6,0,43,28,74,0,2,0,14,0,2,0,0,0,0,0,0,0,6,0,0,0,0,338,109,1625,0,0,0,0,0,0,0,0,0,0,0,0,0,0,0,0,82,0,0,0,0,0,0,0,12,2182,0,1,0,0
0,0,0,0,0,0,4,0,22105,17,6,0,0,68,21,0,0,0,0,945,0,3,516,0,0,0,6,0,0,150,10,0,1,0,0,0,0,0,0,0,0,1151,0,0,64,0,48,9,52,0,0,4,0,0,0,0,0,0,0,0,0,0,0,0,0,0,0,348,224,458,0,0,0,0,2,0,0,0,0,0,0,0,0,0,0,0,8,0,12,0,0,0,0,0,1,8270,0,1,0,0
0,116,0,0,0,0,881,0,30,0,0,0,0,882,24,0,0,0,0,3,0,0,173,0,16,0,22,0,0,646,0,0,0,0,0,0,0,0,0,0,0,3814,0,0,15,0,24,18,0,0,18,0,0,0,0,0,0,0,0,0,0,0,0,0,0,0,0,696,798,8338,0,0,0,0,3,0,0,13,0,0,3,0,0,0,0,0,69,0,0,0,0,0,0,0,2,1510,0,1,0,1
0,0,0,0,0,0,650,0,6,0,0,0,0,942,36,0,0,0,0,214,0,0,169,0,0,0,4,0,0,273,7,0,0,0,0,0,0,0,0,0,0,1193,0,0,12,0,0,15,11,0,40,1,15,0,3,1,0,0,0,0,0,0,0,0,0,0,0,1418,1006,4852,0,0,0,0,1,0,0,1,0,0,1,0,0,0,0,0,471,0,3,0,0,0,0,0,2,4572,0,1,0,277
0,2,0,1,0,0,2,0,7,0,0,0,0,2672,11,0,0,0,0,892,0,0,164,0,31,0,134,0,2,36,5,0,0,0,0,0,0,2,0,0,0,12390,0,0,1,0,12,13,287,0,2,0,0,0,0,0,12,0,0,0,0,0,0,0,0,0,0,14,995,4927,0,0,0,0,51,0,0,0,0,0,0,0,0,0,0,0,24,0,8,0,0,0,0,0,4,76,0,1,0,0
0,20,1,0,0,1,2505,0,2,0,0,0,0,147,30,0,0,0,0,8,0,0,400,0,5,0,25,0,0,109,0,0,0,0,0,0,0,0,0,0,0,3497,0,0,57,1,94,30,7,0,5,0,0,0,0,0,0,0,0,175,0,0,0,0,0,0,0,2217,2683,3169,0,0,0,0,2,0,0,0,0,0,0,0,0,0,0,0,44,0,0,0,0,0,0,0,6,994,0,100,0,102
0,1,4,0,0,0,2316,0,234,0,0,0,0,658,96,0,0,0,0,0,0,0,198,0,0,0,27,0,0,253,0,0,0,0,0,0,0,0,0,0,0,5369,0,0,136,0,14,35,5,0,11,0,1,0,0,0,0,0,0,114,0,0,0,0,0,0,0,3,1355,1162,0,0,5,0,0,0,0,0,0,0,3,0,0,0,0,0,2,0,0,0,0,0,0,0,5,328,0,1,0,0
0,4,0,0,0,0,4,0,24,0,0,0,0,154,31,0,0,0,0,1,0,0,928,0,12,0,3,0,0,273,0,0,0,0,0,0,0,15,0,0,0,5590,0,0,32,0,6,15,0,0,163,0,0,0,0,0,0,0,0,0,0,0,0,0,0,0,0,13,768,264,0,0,0,0,0,0,0,0,0,0,0,0,0,0,0,0,2,0,0,0,0,0,0,0,2,15,0,1,0,0
0,2,1,0,0,0,0,0,7,0,45,0,0,641,41,0,0,0,0,7135,0,0,46,0,32,0,57,0,1,60,30,0,0,0,0,0,0,0,0,0,0,188,0,0,14,0,0,11,20,0,123,0,2,0,2,0,0,0,0,40,0,0,0,0,0,0,0,497,3674,3333,3,0,0,0,1,0,0,0,0,0,0,0,0,0,0,0,833,0,0,0,0,0,0,2,13,1084,0,1,0,0
2,19,2,0,0,0,193,0,9,0,0,0,0,209,33,0,0,0,0,47,0,0,174,0,1,0,19,0,0,255,3,0,0,0,0,0,0,3,0,38,0,1205,0,0,1,0,44,28,0,0,20,0,0,0,0,0,0,0,0,0,0,0,0,0,1,0,0,788,462,2172,0,0,0,0,0,0,0,0,0,0,0,0,0,0,0,0,78,0,0,0,0,0,0,0,2,86,0,1,0,130
0,0,0,0,0,0,3588,0,11,0,0,0,0,82,61,0,0,0,0,0,0,0,173,0,0,0,20,0,0,498,0,0,0,0,0,0,0,5,0,0,0,5950,0,0,1,0,182,9,0,0,0,0,0,0,0,0,0,0,0,0,0,0,0,0,0,0,0,4,768,3383,0,0,0,1,0,0,0,0,0,0,0,0,0,0,0,0,304,0,8,0,0,0,0,0,4,7,0,1,0,1
0,3,0,0,0,0,36,0,4022,0,0,0,0,431,35,0,0,0,0,316,0,3,470,0,0,0,2,0,0,157,5,0,0,0,0,0,0,0,0,0,0,6865,0,0,849,0,10,139,9,0,2,0,0,0,0,0,0,0,0,0,0,0,0,0,0,1,0,448,830,1174,0,0,0,0,1,0,0,0,0,0,1,0,0,0,0,0,457,0,0,0,0,0,0,0,2,4818,0,1,0,39
0,2,0,0,0,0,22,0,14,0,0,0,0,255,0,0,0,0,0,920,0,0,17,0,0,0,0,0,0,189,3,0,1,0,0,0,0,9,0,0,0,125,0,0,1,0,1,14,0,0,6,0,0,0,2,0,0,0,0,0,0,0,0,0,0,0,0,172,985,8868,0,0,0,0,0,0,0,0,0,0,0,0,0,0,0,0,17,1,0,0,0,0,0,0,2,15,0,0,0,0
0,6,0,0,0,0,2794,0,2106,0,0,0,0,739,75,0,0,0,0,11,0,0,4,0,18,0,18,0,0,902,0,0,0,0,0,0,0,3,0,0,0,268,0,0,24,0,2,56,2,0,5,0,0,0,0,0,0,0,0,0,0,0,0,0,0,1,0,1142,864,138,0,0,0,0,0,0,0,0,0,0,0,0,0,0,0,0,29,0,1,0,0,0,0,0,51,398,0,1,0,0
0,1,1,0,0,0,15,0,12734,0,0,0,0,332,30,0,0,0,0,76,0,0,388,0,3,0,8,0,0,538,4,0,1,0,0,0,1,0,0,0,0,2122,0,0,633,0,33,90,0,0,1,3,0,0,0,0,1,0,0,28,0,0,0,0,0,22,0,654,2603,1390,0,0,0,0,3,0,0,0,0,0,0,0,0,0,0,0,2,2,3,0,0,0,0,0,11,2918,0,1,0,0
0,3,1,0,0,0,9034,0,14214,0,1,0,0,935,14,0,0,0,0,1941,0,0,194,0,21,0,48,0,33,106,22,0,0,0,0,0,0,0,0,0,0,641,2,0,35,0,463,37,55,0,6,3,0,0,0,0,0,0,0,208,0,0,0,0,0,0,0,1889,10462,2674,5,0,0,0,0,0,0,0,0,0,0,0,0,0,0,0,108,2,0,0,0,0,0,0,14,3460,0,10,0,33
4,4,0,0,0,0,6,0,944,0,82,0,0,107,40,0,0,0,0,9283,0,0,200,0,9,0,91,0,0,20,56,0,0,0,0,0,0,2,0,0,0,2364,5,0,72,0,197,15,5,4,107,3,5,0,1,0,1,0,0,552,0,0,0,0,4,0,0,578,2666,18950,1,0,0,3,1,0,0,0,0,0,4,0,0,0,3,0,2,0,0,0,0,0,0,0,27,2237,0,1,0,3580
0,10,0,0,0,0,0,0,8,0,92,0,0,84,0,0,0,0,0,223,0,0,2,0,0,0,0,0,0,24,15,0,1,0,1,0,0,2,0,0,0,57,0,0,1,0,2,26,0,0,147,0,0,0,0,0,0,0,0,0,0,0,0,0,0,0,0,14,113,7172,0,0,0,0,2,0,0,3,0,0,0,0,0,0,0,0,2,0,12,0,0,0,0,0,14,137,0,1,0,2
2,1,1,0,0,0,213,0,234,0,0,0,0,95,28,0,0,0,0,488,0,0,185,0,2,0,20,0,6,49,6,0,0,0,0,0,0,0,0,0,0,603,0,0,37,0,254,13,504,0,5,0,43,0,6,0,8,0,0,0,0,0,0,0,0,0,0,864,3360,1367,5,0,0,0,54,0,0,7,0,0,0,0,0,0,0,0,172,0,9,1,0,0,0,0,12,7,0,136,0,0
0,6,0,0,0,0,596,0,118,0,0,0,0,340,298,0,0,0,0,5,0,0,202,0,2,0,68,0,0,597,8,0,0,0,0,0,0,5,0,0,0,1201,0,0,1,0,2,50,0,0,53,0,1,0,0,0,0,1,0,0,0,0,0,0,5,0,0,1482,2114,2450,0,0,0,0,1,0,0,0,0,0,0,0,0,0,0,0,22,0,4,0,0,0,0,0,20,6252,0,19,0,1
0,0,3,0,0,0,2373,0,7,0,0,0,0,713,41,0,0,0,0,4336,0,0,231,0,14,0,46,0,0,150,1,0,0,0,0,0,0,0,0,0,0,1610,7,0,55,0,6,70,23,0,2,0,0,0,0,0,1,0,0,10,0,0,0,0,0,0,0,1924,4457,1931,0,0,3,0,4,0,0,1,0,0,0,0,0,0,0,0,39,0,1,0,0,0,0,0,21,9,0,10,0,37
0,2,0,1,9,0,8082,0,567,0,0,0,0,48,25,0,0,0,0,170,0,0,5,0,36,0,208,0,0,236,5,0,0,0,0,0,0,31,0,0,24,15,0,0,5,0,0,30,2,0,25,0,0,0,0,0,0,0,0,0,0,0,5,0,0,0,0,823,423,5008,2,0,0,10,3,0,0,48,0,0,0,0,0,0,0,0,17,0,0,0,0,0,0,0,20,2030,0,1,1,0
0,13,1,0,0,0,7238,0,2,0,0,0,0,537,152,0,0,0,0,7,0,0,22,0,8,0,44,0,0,422,13,0,0,0,0,0,0,64,0,0,0,344,0,0,1,0,0,52,3,0,2,2,0,0,1,0,0,0,3,0,0,0,0,0,0,0,0,8,3256,367,0,0,0,0,0,0,0,0,0,0,0,4,0,0,0,0,33,1,0,0,0,0,0,0,11,62,0,1,0,0
0,0,0,0,0,0,1,0,5,0,0,0,0,473,3,0,0,0,0,3758,0,0,978,0,3,0,0,0,0,1058,0,0,0,0,0,0,0,4,0,0,0,71,0,0,8,0,11,24,0,0,10,0,0,0,0,0,0,0,0,0,0,0,0,0,0,0,0,1826,149,6143,0,0,0,0,0,0,0,0,0,0,0,0,0,0,0,0,1,0,0,0,0,0,0,0,17,3372,0,1,0,0
0,3,0,0,0,0,3864,0,22,2,0,0,0,348,20,0,0,0,0,2490,0,0,206,0,22,0,105,0,0,96,0,0,0,0,0,0,0,2,0,0,0,1175,6,0,5,0,1,30,0,0,75,0,0,0,0,0,3,0,0,29,0,0,0,0,7,0,0,372,1475,2216,0,0,0,0,4,0,0,0,0,0,16,0,0,4,0,0,2,0,4,0,0,0,0,0,15,2,0,1,0,2
0,36,2,0,0,0,6,0,1722,0,0,0,0,324,49,0,0,0,0,2,0,0,15,0,91,0,77,0,0,11,4,0,0,0,0,0,0,4,0,0,3,107,0,0,24,0,9,3,10,0,16,1,0,0,1,0,0,0,0,0,0,0,0,0,2,0,0,1282,2539,1904,0,0,0,0,1,0,0,5,0,0,0,0,0,0,0,0,2,9,0,0,0,0,0,0,450,2746,0,1,0,57
0,8,0,0,23,0,1,0,9,0,0,0,0,27,0,0,0,0,1,1398,0,0,4,0,0,0,137,0,3,12,0,0,1,0,0,0,0,1,0,0,0,66,5,0,1,0,17,6,0,0,0,0,12,0,3,0,1,0,0,0,0,0,0,0,0,0,0,10,110,1339,0,0,0,0,0,1,0,84,0,0,0,7,0,0,0,0,524,9,3,2,3,0,0,0,26,2456,5,2,1,0
0,5,0,0,0,0,14004,0,43,0,0,0,0,37,28,0,0,0,0,2006,0,0,5,0,0,0,5,0,0,510,6,0,0,0,0,0,0,19,0,0,0,47,2,0,1,0,2,11,0,0,0,0,0,0,0,0,1,0,0,0,0,0,0,0,0,0,0,8,1972,5626,4,0,0,0,2,0,0,0,0,0,0,4,0,0,0,0,6,0,44,0,0,0,0,0,62,87,0,1,3,0
0,2,0,0,0,0,1440,0,4,0,114,0,0,24,2,0,0,0,0,8044,0,0,1,0,0,0,64,0,0,217,2,0,0,0,0,0,0,2,0,0,0,4327,4,0,204,0,0,34,2,0,2,0,0,0,0,0,0,0,0,0,0,0,0,0,0,0,0,846,975,3536,0,0,0,0,0,0,0,2,0,0,3,0,0,0,0,0,14,0,2,0,0,0,0,0,7,1582,0,1,0,0
0,1,0,0,0,0,2879,0,40,1,0,0,0,334,7,0,0,0,0,21517,0,0,54,0,0,0,12,0,0,54,12,0,0,0,0,0,0,0,0,0,0,917,14,0,15,0,0,41,0,0,0,4,0,0,0,0,0,0,0,43,0,0,0,0,3,0,0,814,5290,2547,0,0,0,0,0,0,0,0,0,0,0,0,0,0,0,0,21,0,0,0,0,0,0,0,15,10,0,1,0,627
0,0,1,0,0,2,304,0,4,0,0,0,0,9361,3,0,0,0,0,532,0,0,248,0,1,0,27,0,0,106,2,0,0,0,0,0,0,4,0,0,0,3494,0,0,308,0,2,11,14,0,0,0,0,0,0,0,3,0,0,0,0,0,0,0,0,0,0,1002,2134,3434,0,0,0,0,5,0,0,0,0,0,0,0,0,0,0,0,25,0,0,0,0,0,0,0,20,1786,0,1,0,0
5,0,0,0,0,40,3,0,38,0,6,0,0,1596,1,0,0,0,0,13881,0,0,1,0,0,0,0,0,1,58,0,2,0,0,0,0,0,16,0,0,0,1007,22,0,1198,0,6,87,495,2,150,0,0,0,2,0,1,0,0,0,0,0,0,0,0,3,0,9,26,128,2,0,0,12,1,0,0,0,0,0,0,0,0,0,0,0,8,3,3,0,0,0,0,0,0,4,0,1,0,0
0,8,0,0,0,0,4,0,6,0,0,0,0,1898,22,0,1,0,0,942,0,0,720,0,0,0,4,0,0,304,26,0,0,0,0,0,0,5,0,0,0,1805,0,0,998,0,0,39,0,0,2,0,0,0,0,0,0,0,0,0,0,0,0,0,0,0,0,508,864,3352,0,0,0,0,1,0,0,0,0,0,0,0,0,0,0,0,2,0,0,0,0,0,0,0,5,3,0,1,0,1
0,0,0,0,0,0,1,0,51,0,6,0,0,1450,0,0,0,0,0,7078,0,0,693,0,0,0,13,0,0,10,56,0,1,0,0,0,0,4,0,0,0,5023,16,0,1046,0,1,15,66,0,4,0,0,0,0,0,1,0,0,0,0,0,0,0,0,0,0,0,1234,2630,0,0,0,0,1,0,0,0,0,0,0,0,0,0,0,0,357,0,1,0,0,0,0,2,5,236,0,144,0,0
0,2,1,0,0,0,0,0,64,4,0,0,0,217,2,0,0,0,0,4196,0,0,432,0,0,0,22,0,5,56,5,0,1,0,0,0,0,3,0,0,0,683,8,0,16,0,256,12,1073,0,11,0,0,0,0,0,0,0,0,0,0,0,0,0,0,0,0,856,810,1381,2,0,0,0,2,0,0,0,0,0,0,0,0,0,0,0,1576,0,2,0,0,0,0,2,2,7263,0,1,0,1
0,0,0,0,0,0,4,0,5,0,1,0,0,56,1,0,0,0,0,37,0,0,1726,0,0,0,0,0,0,607,11,0,0,0,0,0,0,2,0,0,0,175,0,0,975,0,1,6,0,0,4,0,84,1,11,0,0,0,0,0,0,0,0,0,0,0,0,1,156,5564,0,0,0,0,1,0,0,3,0,0,0,0,0,0,0,0,15,0,0,13,0,0,0,0,3,16,0,0,0,0
0,0,0,0,0,0,5,0,11,0,2,0,0,1852,0,0,0,0,0,401,0,0,2,0,0,0,0,0,22,33,0,0,0,0,0,0,0,19,0,0,0,15,0,0,1,0,0,52,13,0,0,0,1,0,0,0,1,0,0,0,0,0,0,0,0,0,0,5,38,331,0,0,0,0,0,0,0,0,0,0,0,0,0,0,0,0,2,2,0,0,0,0,0,0,0,660,0,23,0,1
0,9,1,0,0,0,8,0,6,0,0,0,0,871,285,0,0,0,0,1372,0,0,419,0,0,0,19,0,0,2167,5,0,0,0,0,1,0,11,0,0,0,544,7,0,27,0,0,332,26,0,0,0,1,0,0,0,0,0,0,0,0,0,0,0,0,0,0,7,5580,26341,0,0,0,0,4,0,0,0,0,0,0,0,0,0,0,0,2,0,0,0,0,0,0,0,26,85,0,1,0,0
2,0,0,0,0,18,4,0,12,0,16,0,0,395,0,0,0,0,0,5,0,0,4362,0,0,0,0,0,35,39,0,0,0,0,13,0,0,25,0,0,0,150,0,0,1444,0,0,501,10,0,0,0,0,0,1,0,2,0,0,0,0,0,0,0,0,0,0,8,922,449,0,0,0,0,4,0,1,0,0,0,32,0,0,0,0,0,1,3,0,0,0,0,0,0,16,50,0,204,0,0
0,1,0,0,0,0,47,0,9,0,0,0,0,188,0,0,0,0,0,864,0,0,18,0,0,0,0,0,0,482,0,0,0,0,0,0,0,7,0,0,0,717,0,0,6,0,7,33,0,0,25,0,0,0,0,0,0,0,0,0,0,0,0,0,0,0,0,10,386,284,0,0,0,0,0,0,0,0,0,0,0,0,0,0,0,0,467,2,0,0,0,0,0,0,12,8,0,1,0,1
4,0,2,0,0,0,1015,0,15939,0,127,0,0,44,4,0,0,0,0,484,0,0,131,0,0,0,3,0,0,0,3,0,0,0,0,0,0,0,0,0,0,232,3,0,1,0,0,6,0,0,14,0,7,0,1,0,0,0,0,0,0,0,0,0,0,0,0,0,520,4362,2,0,0,0,0,0,0,1,0,0,0,0,0,0,0,0,29,0,9,2,0,0,0,0,0,6843,0,1,0,419
0,3,2,0,0,0,2,0,16,0,0,0,0,1596,24,0,0,0,0,709,0,0,109,0,0,0,2,0,0,232,0,0,0,0,0,0,0,0,0,0,0,4016,2,0,19,0,2,26,12,0,5,0,0,0,0,0,0,0,0,0,0,0,0,0,0,0,0,423,687,3798,0,0,0,0,1,0,0,0,0,0,0,0,0,0,0,0,56,0,0,0,0,0,0,0,6,1581,0,1,0,0
0,2,0,0,0,0,0,0,33,0,50,0,0,878,6,0,0,0,0,4651,0,0,1,0,0,0,73,0,0,1,0,0,1,0,0,0,0,0,0,0,0,560,1,0,172,0,0,2,4,0,2,0,0,0,0,0,0,0,0,8,0,0,2,0,0,0,0,747,1086,4244,0,0,0,0,2,0,0,14,0,0,0,0,0,0,0,0,37,0,0,0,0,0,0,0,10,36,0,1,0,96
0,3,7,0,0,0,4,0,2,0,0,0,0,1337,92,0,0,0,0,2194,0,0,84,0,0,0,0,0,0,412,0,0,0,0,0,0,0,5,0,0,0,6344,6,0,1,0,0,23,96,0,0,0,0,0,0,0,0,0,0,0,0,0,0,0,0,0,0,2196,937,26,0,0,0,0,0,0,0,0,0,0,0,0,0,0,0,0,2,0,0,0,0,0,0,0,6,3833,0,1,0,1
0,4,2,0,0,0,17900,0,35,0,0,0,0,1028,24,0,0,0,0,3044,0,0,73,0,0,0,37,0,0,9,3,0,0,0,0,0,0,9,0,0,0,282,2,0,1,0,1,87,2,0,0,0,0,0,0,0,0,0,0,159,0,0,0,0,0,0,0,2476,201,4588,0,0,0,0,0,0,0,0,0,0,0,0,0,0,0,0,30,4,14,0,0,0,0,0,15,1240,0,1,0,0
0,2,4,0,0,0,1780,0,30,0,0,0,0,188,67,0,0,0,0,0,0,0,1280,0,0,0,0,0,0,75,0,0,0,0,0,0,0,2,0,0,0,880,0,0,63,0,58,25,77,0,0,0,0,0,0,0,0,0,0,0,0,0,0,0,0,0,0,1286,1418,1531,0,0,0,0,0,0,0,0,0,0,0,0,0,0,0,0,27,0,0,0,0,0,0,0,15,62,0,174,0,0
0,0,0,0,0,0,1,0,16,0,0,0,0,316,0,0,0,0,0,279,0,0,366,0,0,0,0,0,0,178,0,0,0,0,7,0,0,0,0,0,0,6573,2,0,1,0,5,6,0,0,38,0,0,0,0,0,0,0,0,0,0,0,0,0,0,0,0,564,132,1310,0,0,0,0,0,0,0,0,0,0,0,0,0,0,0,0,2,0,0,0,0,0,0,0,2,4128,0,1,0,0
0,6,0,0,0,0,6229,0,570,0,0,0,0,38,2,0,0,0,0,0,0,0,114,0,6,0,0,0,0,309,4,0,0,0,0,0,0,6,0,0,7,263,0,0,2,0,0,11,0,0,0,0,0,0,1,0,0,0,0,0,0,0,0,0,0,0,0,2524,495,1507,0,0,0,0,0,0,0,2,0,0,0,0,0,0,0,0,2,6,0,0,0,0,0,0,2,76,0,1,0,0
0,7,2,0,0,0,5680,0,6,0,0,0,0,325,37,0,0,0,0,2591,0,0,928,0,2,0,30,0,0,29,0,0,0,0,0,0,0,3,0,0,0,5100,2,0,237,0,24,68,133,0,0,0,0,0,0,0,0,0,0,0,0,0,0,0,3,0,0,9,1848,5705,0,0,0,0,0,0,0,0,0,0,5,0,0,0,0,0,2045,0,0,0,0,0,0,2,4,9865,0,240,0,0
0,3,0,0,0,0,9296,0,2,0,2,0,0,26,293,0,0,0,0,2013,0,0,64,0,6,0,61,0,0,5,11,0,1,0,0,0,0,4,0,4,3,150,33,0,46,0,1,28,120,0,11,0,3,0,0,0,0,0,0,0,0,0,0,0,0,0,0,8684,10889,18712,2,0,0,0,0,0,1,8,0,0,0,16,0,0,0,0,182,0,0,0,0,0,0,0,52,2822,0,1,0,1
0,9,1,0,0,0,55,0,3137,6,24,0,0,108,71,0,0,0,0,13,0,5,109,0,0,0,33,0,0,43,8,0,0,0,0,0,0,0,0,0,25,661,0,0,1,0,230,123,0,2,0,12,0,0,0,0,0,0,0,220,56,0,1,0,0,0,0,11,6774,1126,0,0,1,0,0,0,0,7,0,0,0,0,0,0,0,0,21,0,0,0,59,0,0,0,10,30,0,1,1,17
0,0,0,0,0,3,2811,0,211,0,0,0,0,22,12,0,0,0,0,5,0,0,64,0,0,0,4,0,0,32,11,0,0,0,0,0,0,0,0,0,0,1756,0,0,1266,0,131,148,35,0,2,0,0,0,0,0,0,0,0,11,0,0,0,0,0,0,0,631,412,2054,0,0,0,0,0,0,0,0,0,0,0,0,0,0,0,0,142,0,0,0,0,0,0,0,52,15904,0,1,0,50
0,0,0,0,0,0,4896,0,22,0,0,0,0,475,240,0,0,0,0,91,0,0,85,0,62,0,6,0,0,406,0,0,0,0,0,0,0,0,0,0,0,2016,0,0,408,0,46,66,0,0,0,0,0,0,0,0,0,0,0,0,0,0,0,0,0,0,0,31,432,1674,0,0,0,0,1,0,0,0,0,0,0,0,0,0,0,0,108,0,2,0,0,0,0,0,8,2875,0,1,0,2
0,1,0,0,0,4,41,0,21,0,1,0,0,374,0,1,0,0,0,61,0,0,28,0,0,0,0,0,0,283,4,0,0,0,0,0,0,0,0,0,0,859,0,0,1125,0,44,10,7,0,0,0,110,0,6,0,0,0,0,0,0,0,0,0,0,4,0,29,95,1394,2,0,0,0,3,0,0,5,0,0,4,0,0,0,0,0,2,0,0,26,0,0,0,0,5,62,0,1,0,0
2,0,0,0,0,0,20,0,16,0,0,0,0,114,2,2,0,0,0,8,0,0,649,0,0,0,3,0,0,164,8,0,0,0,0,0,0,0,0,50,0,986,0,0,28,0,8,29,0,0,5,0,4,0,0,0,0,0,0,0,0,0,0,0,0,0,0,551,606,5189,0,0,0,0,0,0,0,0,0,0,0,0,0,0,0,0,517,0,0,0,0,0,0,0,13,24577,0,1,0,93
2,3,0,0,0,0,2,0,555,0,0,0,0,314,2,0,0,0,0,12135,0,0,119,0,2,0,10,0,0,880,7,0,0,0,0,0,0,1,0,0,0,8286,3,0,1,0,1,12,0,0,8,0,0,0,0,0,0,0,0,0,0,0,0,0,0,0,0,13,1540,3158,0,0,0,0,5,0,0,0,0,0,0,0,0,0,0,0,57,0,0,0,0,0,0,0,66,4658,0,1,0,1
0,1,0,0,0,0,62,0,181,0,7,0,0,66,36,27,0,0,0,264,0,0,296,0,3,0,66,0,0,20,14,0,0,0,1,0,0,0,0,0,0,6735,0,0,429,0,168,14,4,1,8,2,0,0,0,0,1,0,0,1,0,0,0,0,0,0,0,1123,3098,5593,1,0,1,0,1,0,0,0,0,0,0,0,0,0,0,0,200,1,0,0,0,0,0,0,16,2242,0,257,0,506
0,1,0,2,0,0,1546,0,11,0,163,0,0,28,1,0,0,0,0,394,0,0,387,0,0,0,0,0,0,94,5,0,0,0,0,0,0,1,0,0,0,1915,0,0,828,0,0,7,4,0,46,0,1,0,1,0,4,0,0,0,0,0,0,0,0,0,0,0,766,3612,0,0,0,5,15,0,0,0,0,0,0,0,0,0,0,0,342,0,10,0,0,0,0,0,1,3,0,1,0,0
0,0,0,0,0,0,2,0,10113,12,18,0,0,144,27,0,0,0,0,558,0,9,312,0,0,0,0,0,0,169,27,0,1,0,0,0,0,0,0,0,0,586,1,0,143,0,135,12,30,0,12,4,0,0,0,0,0,0,0,2,0,0,0,0,0,0,0,901,3112,2292,0,0,0,0,10,0,0,0,0,0,0,0,0,0,0,0,225,1,5,0,0,0,0,0,6,5261,0,1,0,314
0,1,0,0,0,0,38,0,1822,0,214,0,0,257,0,0,0,0,0,152,0,0,46,0,0,0,0,0,0,0,4,0,0,0,0,2,0,0,0,0,0,367,0,0,1,0,1,32,0,0,2,0,0,0,0,0,2,0,0,0,0,0,0,0,0,0,0,25,167,1534,0,0,0,0,10,0,0,0,0,0,0,0,0,0,0,0,4,2,23,0,0,0,0,0,7,240,0,1,0,0
0,0,1,0,0,2,81,0,6,0,2,0,0,591,20,0,0,0,0,129,0,0,530,0,0,0,6,0,0,171,3,0,0,0,0,0,0,0,0,0,0,1903,2,0,2133,0,44,280,133,0,0,0,0,0,0,0,1,0,0,0,0,0,0,0,0,2,0,794,1077,1818,0,0,0,0,3,0,0,0,0,0,3,0,0,0,0,0,763,0,20,0,0,0,0,0,24,3596,0,106,0,0
0,2,0,0,0,0,0,0,5,0,3,0,0,384,8,0,0,0,0,7,0,0,519,0,0,0,9,0,0,1866,4,0,1,0,0,0,0,3,0,0,0,1455,0,0,1,0,6,10,13,0,3,0,0,0,0,0,0,0,0,0,0,0,0,0,0,0,0,2,3267,6396,4,0,0,0,3,1,0,0,0,0,0,0,0,0,0,0,2,0,1,0,0,0,0,0,5,4821,0,1,0,0
0,0,0,0,0,0,0,1,3,0,0,0,0,225,34,0,0,0,0,678,0,0,775,0,10,0,13,0,0,63,0,0,1,0,0,0,3,0,0,0,0,1520,1,0,894,0,85,8,0,0,13,0,0,0,0,0,1,0,0,1909,0,0,0,0,0,1,0,1325,1076,5037,5,0,0,0,0,0,0,64,0,0,2,0,0,0,0,0,749,0,1,0,0,0,0,0,3,6,0,1,0,0
0,2,0,0,0,0,5,0,1,0,0,0,0,797,213,0,0,0,0,5418,0,0,268,0,0,0,36,0,0,178,0,0,0,0,0,0,0,9,0,0,0,2157,15,0,21,0,6,6,5,0,76,0,0,0,0,0,0,0,0,81,0,0,1,0,0,0,0,781,604,1132,0,0,0,0,5,0,0,8,0,0,0,0,0,0,0,0,58,0,0,0,0,0,0,0,5,32,0,1,0,0
0,1,0,0,0,0,2,0,10,0,1,0,0,120,0,0,0,0,0,28,0,0,9,0,0,0,0,0,0,166,0,0,1,0,0,0,0,4,0,0,3,1246,0,0,1,0,2,15,90,0,4,0,0,0,0,0,0,0,0,0,0,0,0,0,0,0,0,2,364,7401,0,0,0,0,1,0,0,1,0,0,0,0,7,0,0,0,2,1,0,0,0,0,0,0,5,97,0,11,0,0
0,5,0,0,0,0,95,0,5,0,0,0,0,104,7,0,0,0,0,530,0,0,44,0,0,0,6,0,0,105,13,0,0,0,0,0,0,1,0,0,0,3427,0,0,44,0,7,7,136,0,22,0,0,0,0,1,0,0,0,0,0,0,0,0,0,0,0,1132,9042,2634,0,0,0,0,12,0,0,0,0,0,0,1,0,0,0,0,478,0,0,0,0,0,0,0,5,10,0,0,0,0
0,6,0,0,0,0,5,0,11,0,0,0,0,778,36,0,0,0,0,3,0,0,181,0,3,0,53,0,0,16,0,0,0,0,0,0,0,29,0,0,0,278,0,0,1,0,1,165,278,0,11,0,0,0,0,0,0,0,0,0,0,0,0,0,3,0,0,2,2145,2633,0,0,0,0,0,0,0,0,0,0,0,0,0,0,0,0,83,0,0,0,0,0,0,0,157,768,0,1,0,0
0,2,0,0,0,0,3,0,6,0,13,0,0,320,1,0,0,0,0,1254,0,0,336,0,0,0,11,0,0,203,14,0,1,0,0,0,0,9,0,0,2,650,2,0,72,0,1,16,0,0,3,0,0,0,0,0,0,0,0,0,0,0,0,0,22,0,0,0,504,4932,0,0,0,0,0,0,0,2,0,0,0,0,0,0,0,0,11,0,1,0,0,0,0,0,30,1,0,1,0,0
0,12,0,0,0,0,1,0,7,0,0,0,0,1165,5,0,0,0,0,27,0,0,12,0,0,0,99,0,0,741,2,0,0,0,0,0,0,2,0,0,0,85,0,0,1,0,0,37,14,0,23,0,0,0,0,0,0,0,0,0,0,0,0,0,0,0,0,7,380,24,0,0,0,0,0,0,0,0,0,0,0,0,0,0,0,0,37,0,0,0,0,0,0,0,28,192,0,1,0,0
0,2,0,0,0,0,1065,0,12,3,0,0,0,123,25,0,0,0,0,2928,0,0,494,0,0,0,10,0,0,101,3,0,0,0,0,0,0,0,0,0,0,570,3,0,9,0,0,34,29,0,27,0,0,0,0,0,0,0,0,0,0,0,0,0,0,0,0,312,3706,718,2,0,0,0,1,0,0,0,0,0,0,0,0,0,0,0,33,0,1,0,0,0,0,0,9,10,0,9,0,0
0,1,0,0,0,0,0,0,12,0,0,0,0,34,0,0,0,0,0,48,0,0,3206,0,0,0,28,0,35,58,0,12,0,0,0,0,0,34,0,0,0,160,0,0,64,0,0,37,126,0,2,0,0,0,2,0,1,0,0,0,0,0,0,0,0,0,0,3,213,164,3,0,0,0,2,0,0,0,0,0,28,0,0,0,0,0,1,3,6,0,0,0,0,0,6,9212,0,1,0,0
0,16,1,0,0,0,787,0,6,0,0,0,0,1582,11,0,0,0,0,4,0,0,292,0,6,0,34,0,0,105,4,0,0,0,0,0,0,0,0,0,0,802,0,0,1,0,8,68,0,0,6,0,0,0,0,0,0,0,0,571,8,0,0,0,0,0,0,1694,1219,3422,3,0,0,0,0,0,0,0,0,0,0,0,0,0,0,0,29,0,4,0,0,0,0,0,22,1320,0,1,0,85
1,1,0,0,0,0,0,0,7,0,83,0,0,47,0,0,0,0,0,988,0,0,5,0,0,0,0,0,3,88,3,0,1,0,0,0,0,9,0,0,0,21,0,0,1,0,0,38,53,0,0,0,0,0,0,0,0,0,0,0,0,0,0,0,0,0,0,11,90,2600,0,0,0,0,0,0,0,0,0,0,2,0,0,0,0,0,317,0,0,0,0,0,0,0,2,8568,0,1,0,0
2,1,0,0,0,0,2,0,2,0,0,0,0,2504,0,0,0,0,1,14,0,0,166,0,0,0,0,0,0,632,0,0,0,0,0,0,0,1,0,0,0,103,0,0,11,0,12,35,61,0,0,0,0,0,0,0,6,0,0,0,0,0,0,0,0,0,0,12,721,4363,3,0,0,0,32,0,0,0,0,0,0,0,0,0,0,0,5,0,9,0,0,0,0,0,18,138,0,0,0,0
0,0,1,0,0,0,190,0,101,0,60,0,0,72,17,0,0,0,0,5767,0,0,343,0,13,0,25,0,0,20,30,0,0,0,0,0,0,0,0,0,0,1765,4,0,5,0,90,22,138,0,0,0,0,0,0,0,0,0,0,16,0,0,0,0,0,0,41,1496,2369,835,0,0,0,0,0,0,0,0,0,0,0,0,0,0,0,0,174,0,0,0,0,0,0,0,8,3,0,19,0,611
0,0,0,0,0,0,4,0,13,0,0,0,0,1115,21,0,0,0,0,8124,0,0,203,0,4,0,19,0,0,274,4,0,0,0,0,0,0,1,0,2,0,446,11,0,1,0,0,16,24,0,0,9,0,0,0,1,0,0,0,146,0,0,0,0,0,0,0,2259,2437,4674,3,0,0,0,0,0,0,1,0,0,0,0,0,0,0,0,136,2,0,0,0,0,0,0,4,2906,0,1,0,599
0,0,0,0,0,0,52,0,7,0,0,0,0,115,0,0,0,0,0,6748,0,0,672,0,0,0,0,0,4,27,5,0,0,0,0,0,0,1,0,0,0,2738,4,0,1,0,6,13,721,0,18,0,0,0,1,0,0,0,0,0,0,0,0,0,0,0,0,1100,970,418,0,0,0,0,0,0,0,11,0,0,0,0,0,0,0,0,212,0,0,0,0,0,0,0,1,0,0,1,0,0
0,4,0,0,0,0,2,0,14,0,1,0,0,467,13,0,0,0,0,1699,0,0,79,0,0,0,110,0,0,229,7,0,0,0,0,0,0,4,0,0,0,3606,3,0,10,0,1,15,9,0,13,0,0,0,0,0,2,0,0,0,0,0,0,0,0,0,0,5,2062,2778,0,0,0,0,15,0,0,0,0,0,0,4,0,0,0,0,29,0,11,0,0,0,0,0,14,6,0,1,0,1
0,5,0,0,0,3,931,0,12,0,1,0,0,245,72,0,0,0,0,4,0,0,523,0,0,0,10,0,0,331,0,0,0,0,0,0,0,0,0,0,0,882,0,0,17,0,17,20,390,0,8,0,0,0,0,0,0,0,0,2,0,0,0,0,0,0,0,595,1380,8403,0,0,0,0,0,0,0,0,0,0,0,0,0,0,0,0,149,0,0,0,0,0,0,0,10,392,0,16,0,0
0,1,1,0,0,0,4694,0,3,0,0,0,0,1214,46,0,0,0,0,377,0,0,230,0,0,0,37,0,0,255,2,0,0,0,0,0,0,14,0,0,0,819,0,0,31,0,0,64,2,0,0,0,0,0,1,0,0,0,0,0,0,0,0,0,0,0,0,3,3038,91,0,0,0,0,0,0,0,0,0,0,0,0,0,0,0,0,2,1,0,0,0,0,0,0,7,193,0,1,0,0
0,6,0,0,0,0,42,0,7,0,1,0,0,428,0,0,0,0,0,14,0,0,790,0,0,0,35,0,0,187,2,0,0,0,0,0,0,6,0,0,0,1961,0,0,1,0,0,15,0,0,75,0,0,0,0,0,0,0,0,0,0,0,0,0,0,0,0,1435,550,3719,0,0,0,0,0,0,0,0,0,0,0,0,0,0,0,0,154,0,1,0,0,0,0,0,1,16,0,1,0,0
0,0,0,0,0,0,0,0,8,0,0,0,0,200,11,0,0,0,0,186,0,0,589,0,2,0,0,0,0,308,2,0,2,0,0,0,0,0,0,0,0,5815,0,0,164,0,18,19,121,0,0,0,0,0,0,0,0,0,0,0,0,0,0,0,0,0,0,1136,883,3729,0,0,0,0,0,0,0,0,0,0,0,0,0,0,0,0,324,0,1,0,0,0,0,0,12,3,0,1,0,0
0,1,2,0,0,0,2238,0,7,0,0,0,0,727,10,0,0,0,0,54,0,0,427,0,0,0,14,0,0,121,0,0,0,0,2,0,0,43,0,0,12,1918,0,0,5,0,0,12,0,0,14,0,43,0,5,0,0,0,0,0,0,0,0,0,0,0,0,1,2968,197,0,0,0,0,2,0,0,0,0,0,0,2,0,0,0,0,19,1,1,8,0,0,0,0,2,8,0,1,0,1
0,0,0,0,0,0,3,0,2,0,0,0,0,164,13,0,0,0,0,304,0,0,388,0,0,0,28,0,0,152,2,0,0,0,0,0,0,0,0,0,0,1544,0,0,86,0,0,14,0,0,0,0,0,0,0,0,0,0,0,0,0,0,0,0,0,0,0,3,1502,612,0,0,0,0,0,0,0,0,0,0,0,0,0,0,0,0,7,0,0,0,0,0,0,0,3,3,0,16,0,0
0,1,0,0,0,0,3,0,42,0,1,0,0,55,17,0,0,0,0,1132,0,0,762,0,0,0,0,0,0,633,4,0,0,0,0,0,0,0,0,0,0,228,4,0,1,0,2,25,0,0,0,0,0,0,0,0,0,0,0,0,0,0,0,0,0,0,0,4,338,282,0,0,0,0,0,0,0,0,0,0,0,1,0,0,0,0,2,1,0,0,0,0,0,0,24,16157,0,0,0,0
0,2,0,0,0,2,4,0,8,0,0,0,0,53,0,0,0,0,0,12382,0,0,8,0,0,0,0,0,0,150,0,0,0,0,0,1,0,183,0,0,0,2163,18,0,163,0,35,129,0,0,68,0,31,0,4,0,3,2,0,0,0,0,1,0,0,0,1,3,228,21050,0,0,0,0,4,0,0,0,0,0,0,0,0,0,0,0,130,5,6,4,0,0,0,0,5,7634,0,107,0,0
0,0,0,0,0,0,33,0,274,0,0,0,0,172,14,0,0,0,0,7066,0,0,580,0,0,0,4,0,0,132,35,0,0,0,0,0,0,1,0,0,0,762,11,0,1,0,4,14,2,0,1,2,2,0,0,0,0,0,0,0,0,0,0,0,0,0,0,284,1348,934,0,1,0,0,0,0,0,0,0,0,0,0,0,0,0,0,34,0,0,0,0,0,0,0,12,9,0,1,0,74
1,3,0,0,0,0,703,0,3,4,0,0,0,100,51,0,0,0,0,1096,0,0,262,0,1,0,17,0,0,261,0,0,1,0,0,0,0,0,0,0,0,980,0,0,602,0,13,26,11,0,28,0,0,0,0,0,2,1,0,0,0,0,0,0,0,0,0,3513,992,2270,0,0,0,0,27,0,0,0,0,0,6,0,0,0,0,0,84,0,9,0,0,0,0,2,3,12,0,0,0,0
0,0,0,0,0,0,72,0,277,0,0,0,0,273,0,0,0,0,0,557,0,0,805,0,0,0,0,0,0,164,0,0,1,0,0,0,0,0,0,0,0,90,2,0,238,0,0,6,6,0,0,0,0,0,0,0,0,0,0,0,0,0,0,0,0,0,0,360,209,1360,0,0,0,0,2,0,0,0,0,0,0,0,0,0,0,0,28,0,3,0,0,0,0,0,1,5544,0,1,0,1
0,0,0,0,0,0,8200,0,9,0,0,0,0,876,2,0,0,0,0,16146,0,0,1795,0,2,0,13,0,0,24,1,0,0,0,0,0,0,3,0,0,0,1092,30,0,435,0,1,88,102,0,20,0,0,0,0,0,1,0,0,0,0,0,0,0,0,0,0,7,356,118,0,0,0,0,2,0,0,0,0,0,0,0,0,0,0,0,190,0,0,0,0,0,0,0,10,56,0,0,0,0
0,0,1,0,0,0,811,0,9,0,0,0,0,1035,7,0,0,0,0,14856,0,0,628,0,0,0,12,0,0,1050,7,0,0,0,0,0,0,0,0,0,0,2732,24,0,134,0,0,8,0,1,59,0,0,0,0,0,3,0,0,0,0,0,0,0,0,0,0,1326,990,734,0,0,0,0,22,0,0,0,0,0,0,0,0,0,0,0,2,0,3,0,0,0,0,0,4,5798,0,0,0,0
0,0,0,0,0,0,332,0,74,0,0,0,0,155,39,0,0,0,0,80,1,0,871,0,6,0,8,0,0,88,4,0,0,0,0,0,0,0,0,0,0,400,0,0,27,1,0,50,5,2,0,2,0,0,0,0,0,0,0,24,0,0,0,0,0,0,0,854,3766,1231,0,0,3,0,6,0,0,0,0,0,0,0,0,4,0,0,86,0,0,0,0,0,0,0,12,3434,0,14,0,902
0,0,1,0,0,0,9,0,13,0,0,0,0,121,52,0,0,0,0,1584,0,0,410,0,0,0,33,0,0,40,36,0,0,0,0,0,0,0,0,0,3,1250,1,0,84,0,7,28,162,0,0,0,0,0,0,0,1,0,0,40,10,0,0,0,0,0,0,384,772,2202,0,0,0,0,8,0,0,7,0,0,0,0,0,0,0,0,1380,2,0,0,0,0,0,2,9,3752,0,358,0,101
0,3,0,0,0,0,2182,0,3240,0,0,0,0,197,65,0,0,0,0,6463,0,0,5931,0,2,0,110,0,0,648,2,0,0,0,0,0,0,0,0,0,0,415,2,0,236,0,0,59,84,2,0,0,0,0,0,0,0,0,0,0,0,0,0,0,1,0,0,956,3643,4274,0,0,0,0,0,2,0,0,0,0,0,0,0,0,0,0,109,0,0,0,0,0,0,0,8,52,0,1,0,78
